trackRefNum	xDistanceInPx	yDistanceInPx	totDistanceInPx	xDistanceInNm	yDistanceInNm	totDistanceInNm
257162416.00	1.17	54.94	54.96	86.79	3394.91	3396.02
257162512.00	-1.50	-54.19	54.21	-111.03	-3348.51	3350.35
257162608.00	-1.30	-54.53	54.55	-96.09	-3369.71	3371.08
257162720.00	1.13	54.75	54.76	83.96	3382.81	3383.86
257162816.00	1.44	54.92	54.94	106.77	3393.32	3395.00
257162912.00	1.31	54.64	54.66	96.68	3376.46	3377.84
257163008.00	-1.35	-54.53	54.55	-100.04	-3369.49	3370.98
257163104.00	-1.31	-55.02	55.04	-97.37	-3399.67	3401.06
257163216.00	-1.16	-54.66	54.67	-86.02	-3377.45	3378.55
257163312.00	-1.23	-54.55	54.56	-91.45	-3370.55	3371.79
257163312.00	1.34	55.00	55.02	99.55	3398.56	3400.02
257163408.00	-1.45	-54.58	54.60	-107.47	-3372.26	3373.97
257163504.00	-1.35	-54.75	54.77	-99.90	-3383.02	3384.49
257163616.00	-1.39	-54.61	54.63	-103.11	-3374.55	3376.12
257163712.00	-1.33	-54.57	54.58	-98.74	-3371.60	3373.05
257163808.00	1.47	54.95	54.97	109.22	3395.42	3397.18
257163904.00	1.47	54.72	54.74	108.75	3381.38	3383.13
257164016.00	-1.32	-54.61	54.63	-97.78	-3374.51	3375.93
257164112.00	-1.54	-54.35	54.38	-113.81	-3358.59	3360.52
257164208.00	1.47	54.81	54.83	109.07	3386.99	3388.75
257164304.00	1.01	54.63	54.64	74.90	3375.45	3376.28
257164416.00	-1.23	-54.46	54.47	-91.14	-3365.15	3366.38
257164512.00	-1.34	-54.52	54.54	-99.27	-3368.96	3370.42
257164608.00	-1.35	-54.75	54.77	-100.21	-3383.25	3384.74
257164704.00	-1.41	-54.64	54.65	-104.17	-3375.97	3377.58
257164816.00	-1.37	-54.55	54.57	-101.56	-3370.71	3372.24
257164912.00	1.34	54.61	54.63	99.19	3374.40	3375.86
257165008.00	-1.27	-54.38	54.40	-94.01	-3360.40	3361.72
257165104.00	-1.19	-54.36	54.37	-88.38	-3358.86	3360.02
257165216.00	-1.25	-54.39	54.40	-92.76	-3360.71	3361.99
257165312.00	-1.23	-54.51	54.52	-91.08	-3368.06	3369.29
257165408.00	1.60	54.77	54.79	118.82	3384.11	3386.20
257165504.00	1.37	54.87	54.88	101.80	3390.24	3391.77
257165504.00	-1.24	-54.54	54.55	-92.09	-3369.84	3371.10
257165616.00	-1.64	-54.49	54.52	-121.35	-3367.21	3369.39
257165712.00	-1.43	-54.59	54.60	-105.87	-3372.83	3374.49
257165808.00	-1.33	-54.18	54.20	-98.22	-3347.88	3349.32
257165904.00	1.29	53.27	53.29	95.28	3291.67	3293.04
257166016.00	-1.27	-53.21	53.23	-94.32	-3287.89	3289.24
257166112.00	1.23	53.11	53.13	90.77	3281.92	3283.18
257166208.00	1.22	53.04	53.05	90.52	3277.05	3278.30
257166304.00	1.34	53.14	53.16	99.13	3283.69	3285.18
257166416.00	1.23	53.07	53.08	90.79	3278.94	3280.20
257166512.00	1.32	53.13	53.14	97.93	3282.75	3284.21
257166512.00	1.26	53.27	53.29	93.08	3291.85	3293.16
257166608.00	-1.35	-52.84	52.86	-99.82	-3265.03	3266.55
257166704.00	1.25	53.07	53.08	92.66	3278.94	3280.25
257166816.00	-1.29	-52.83	52.84	-95.53	-3264.19	3265.59
257166816.00	1.03	53.00	53.01	76.26	3274.60	3275.49
257166912.00	1.22	53.40	53.41	90.37	3299.54	3300.78
257167024.00	-1.41	-53.15	53.16	-104.81	-3283.86	3285.53
257167104.00	1.32	53.37	53.38	97.52	3297.50	3298.94
257167216.00	-1.31	-53.10	53.11	-96.77	-3280.92	3282.35
257167312.00	-1.22	-53.27	53.28	-90.06	-3291.49	3292.72
257167408.00	-1.25	-53.35	53.36	-92.68	-3296.32	3297.62
257167408.00	1.24	53.13	53.14	92.02	3282.82	3284.11
257167520.00	-1.07	-53.26	53.27	-79.44	-3291.11	3292.07
257167616.00	1.16	53.07	53.09	85.99	3279.44	3280.57
257167728.00	1.13	53.16	53.17	83.44	3284.50	3285.56
257167808.00	1.15	53.19	53.21	85.38	3286.80	3287.91
257167904.00	1.12	53.25	53.26	82.97	3290.06	3291.11
257168112.00	1.32	53.50	53.52	97.51	3306.07	3307.51
257168208.00	1.29	52.76	52.78	95.63	3260.20	3261.61
257168304.00	-1.41	-52.82	52.84	-104.63	-3263.62	3265.30
257168416.00	-1.20	-53.53	53.54	-89.09	-3307.33	3308.53
257168512.00	1.36	53.08	53.09	100.72	3279.56	3281.10
257168512.00	1.16	52.98	53.00	85.63	3273.81	3274.93
257168608.00	1.20	53.22	53.24	88.58	3288.68	3289.87
257168704.00	1.10	53.28	53.29	81.45	3292.17	3293.17
257168816.00	1.14	53.15	53.16	84.26	3284.06	3285.14
257168912.00	1.21	53.28	53.29	89.81	3292.04	3293.26
257169024.00	1.12	53.03	53.04	83.11	3276.61	3277.67
257169104.00	1.18	53.48	53.49	87.51	3304.44	3305.60
257169216.00	1.21	53.18	53.19	89.65	3286.03	3287.25
257169312.00	-1.27	-53.27	53.29	-93.84	-3291.86	3293.19
257169408.00	1.21	53.33	53.34	89.87	3295.11	3296.33
257169504.00	1.26	53.19	53.20	93.56	3286.41	3287.74
257169616.00	1.19	53.21	53.23	88.47	3288.07	3289.26
257169712.00	1.05	53.21	53.22	78.08	3287.98	3288.91
257169808.00	1.29	53.47	53.49	95.40	3304.20	3305.58
257169904.00	1.25	53.43	53.44	92.64	3301.25	3302.55
257170016.00	1.26	53.55	53.56	93.01	3308.73	3310.04
257170112.00	-1.25	-53.59	53.61	-92.45	-3311.53	3312.82
257170208.00	1.23	53.41	53.43	91.33	3300.33	3301.59
257170208.00	1.47	53.27	53.29	109.17	3291.48	3293.29
257170416.00	1.28	53.43	53.45	95.16	3301.46	3302.83
257170416.00	1.19	53.11	53.13	87.83	3281.86	3283.03
257170512.00	1.25	53.31	53.32	92.39	3293.82	3295.11
257170608.00	-1.23	-52.77	52.79	-90.94	-3260.88	3262.14
257170704.00	1.53	53.00	53.02	113.63	3274.91	3276.88
257170816.00	1.15	53.13	53.14	85.34	3282.76	3283.86
257170912.00	1.20	51.53	51.54	89.19	3184.01	3185.26
257171104.00	-1.28	-51.73	51.75	-94.51	-3196.66	3198.06
257171104.00	1.11	51.69	51.70	81.93	3194.07	3195.12
257171216.00	-1.31	-51.49	51.50	-96.81	-3181.44	3182.91
257171216.00	-1.38	-51.28	51.30	-102.42	-3168.59	3170.24
257171312.00	-1.05	-51.66	51.67	-77.57	-3191.78	3192.72
257171408.00	1.16	51.58	51.59	85.81	3187.16	3188.32
257171504.00	0.92	51.51	51.51	68.47	3182.59	3183.33
257171616.00	-1.15	-51.75	51.76	-84.83	-3197.63	3198.75
257171712.00	-1.20	-51.65	51.67	-88.73	-3191.58	3192.81
257171808.00	-1.28	-51.41	51.43	-94.72	-3176.89	3178.30
257171904.00	1.36	51.54	51.56	100.87	3184.50	3186.10
257172016.00	-1.19	-51.49	51.50	-88.16	-3181.31	3182.53
257172112.00	-1.21	-51.67	51.69	-89.70	-3192.87	3194.13
257172208.00	-1.15	-51.74	51.75	-84.83	-3196.86	3197.98
257172304.00	-1.15	-51.57	51.58	-84.88	-3186.35	3187.48
257172416.00	1.19	51.60	51.61	88.13	3188.12	3189.34
257172512.00	1.05	51.66	51.67	77.68	3192.16	3193.10
257172608.00	1.16	51.66	51.68	86.03	3192.21	3193.37
257172704.00	-1.08	-51.80	51.81	-79.71	-3200.44	3201.43
257172704.00	-1.19	-51.74	51.75	-88.50	-3196.75	3197.97
257172816.00	-1.18	-51.75	51.77	-87.26	-3197.84	3199.03
257172912.00	1.22	51.59	51.60	90.28	3187.62	3188.90
257173008.00	-1.09	-51.92	51.93	-80.72	-3208.13	3209.14
257173104.00	-1.13	-51.58	51.59	-83.39	-3187.15	3188.24
257173216.00	1.24	51.41	51.43	92.13	3176.65	3177.98
257173216.00	-1.25	-51.74	51.76	-92.87	-3197.31	3198.66
257173312.00	-1.19	-51.62	51.64	-87.93	-3189.75	3190.97
257173408.00	1.03	51.18	51.19	76.11	3162.39	3163.30
257173504.00	1.23	51.72	51.73	90.76	3195.49	3196.78
257173616.00	-1.15	-51.54	51.55	-85.17	-3184.52	3185.66
257173712.00	1.02	51.62	51.63	75.72	3189.57	3190.47
257173808.00	-1.13	-51.84	51.85	-83.77	-3203.20	3204.30
257173920.00	-1.03	-51.81	51.82	-76.47	-3201.05	3201.96
257174016.00	1.37	51.59	51.61	101.23	3187.56	3189.17
257174112.00	-0.97	-51.57	51.58	-72.01	-3186.65	3187.46
257174208.00	-1.02	-51.68	51.69	-75.64	-3193.32	3194.22
257174304.00	1.14	51.58	51.60	84.08	3187.30	3188.41
257174416.00	1.22	51.53	51.55	90.11	3184.30	3185.58
257174512.00	1.14	51.66	51.67	84.79	3192.06	3193.19
257174608.00	1.11	51.30	51.31	82.01	3169.57	3170.63
257174704.00	1.10	51.64	51.65	81.29	3190.62	3191.66
257174816.00	-1.07	-51.70	51.71	-78.92	-3194.58	3195.55
257174912.00	-1.07	-51.89	51.90	-78.98	-3206.21	3207.18
257175008.00	-0.94	-51.71	51.72	-69.30	-3194.97	3195.72
257175008.00	1.12	51.64	51.65	83.31	3190.55	3191.64
257175216.00	-0.97	-51.64	51.65	-71.69	-3190.75	3191.56
257175216.00	0.94	51.70	51.71	69.74	3194.65	3195.41
257175312.00	1.06	51.66	51.67	78.42	3192.14	3193.10
257175408.00	-1.12	-51.78	51.79	-82.96	-3199.39	3200.47
257175504.00	1.15	51.31	51.33	85.29	3170.62	3171.76
257175616.00	-1.07	-51.77	51.78	-79.44	-3198.89	3199.88
257175712.00	-1.10	-51.76	51.77	-81.73	-3198.16	3199.21
257175808.00	-1.08	-51.71	51.72	-80.25	-3195.00	3196.01
257175808.00	1.01	51.25	51.26	74.93	3166.56	3167.44
257176016.00	-1.13	-49.94	49.95	-83.72	-3085.73	3086.86
257176016.00	-0.98	-49.89	49.90	-72.64	-3082.83	3083.69
257176128.00	-1.11	-49.86	49.87	-81.98	-3080.57	3081.66
257176208.00	-0.95	-49.96	49.96	-70.12	-3086.77	3087.57
257176304.00	-1.03	-50.04	50.05	-76.26	-3092.10	3093.04
257176512.00	-1.07	-50.07	50.09	-79.62	-3094.12	3095.15
257176512.00	-1.23	-49.81	49.83	-90.80	-3078.05	3079.39
257176608.00	-1.20	-49.86	49.87	-89.03	-3080.67	3081.95
257176704.00	-1.09	-49.96	49.98	-80.50	-3087.30	3088.35
257176816.00	-1.16	-49.95	49.96	-85.79	-3086.29	3087.48
257176912.00	-1.06	-49.91	49.92	-78.88	-3083.66	3084.67
257177008.00	-1.24	-49.90	49.92	-91.66	-3083.57	3084.94
257177120.00	-1.16	-50.01	50.02	-86.20	-3090.17	3091.37
257177216.00	-0.98	-49.97	49.98	-72.32	-3087.80	3088.65
257177312.00	-1.08	-49.99	50.00	-80.27	-3088.78	3089.83
257177408.00	-1.09	-50.03	50.04	-80.53	-3091.42	3092.47
257177504.00	-0.78	-49.82	49.83	-57.60	-3078.67	3079.21
257177712.00	-1.15	-50.03	50.04	-85.13	-3091.46	3092.63
257177712.00	-1.17	-49.96	49.97	-86.92	-3087.07	3088.29
257177808.00	-1.21	-49.82	49.83	-89.36	-3078.40	3079.70
257177904.00	-1.05	-50.01	50.03	-78.10	-3090.40	3091.38
257178016.00	-1.24	-50.14	50.15	-91.94	-3097.92	3099.28
257178112.00	-1.07	-49.94	49.96	-78.90	-3086.06	3087.06
257178208.00	-1.00	-49.90	49.91	-74.44	-3083.33	3084.23
257178304.00	-1.21	-49.97	49.98	-89.43	-3087.38	3088.67
257178416.00	-1.12	-49.93	49.94	-82.64	-3084.87	3085.98
257178512.00	-1.18	-49.82	49.83	-87.36	-3078.17	3079.41
257178608.00	-1.03	-49.74	49.75	-76.22	-3073.56	3074.51
257178608.00	-0.88	-50.12	50.13	-65.54	-3097.01	3097.70
257178704.00	-0.94	-49.95	49.96	-69.62	-3086.69	3087.47
257178816.00	-1.32	-50.01	50.03	-97.92	-3090.41	3091.97
257178912.00	-1.21	-49.85	49.87	-89.72	-3080.41	3081.71
257179008.00	-1.13	-50.01	50.02	-84.07	-3090.18	3091.33
257179008.00	-1.11	-49.90	49.92	-82.22	-3083.61	3084.70
257179216.00	-1.22	-49.88	49.89	-90.49	-3081.80	3083.13
257179312.00	-0.95	-50.02	50.03	-70.40	-3090.67	3091.47
257179424.00	-1.13	-50.12	50.13	-83.95	-3097.03	3098.16
257179424.00	-1.13	-49.89	49.90	-83.64	-3082.69	3083.83
257179504.00	-1.08	-49.90	49.91	-80.33	-3083.36	3084.40
257179616.00	-1.03	-49.94	49.95	-76.07	-3085.81	3086.74
257179712.00	-0.87	-49.86	49.87	-64.61	-3080.85	3081.53
257179808.00	-1.19	-49.93	49.94	-87.90	-3085.18	3086.43
257179920.00	-1.08	-50.04	50.05	-79.81	-3091.70	3092.73
257180016.00	-1.10	-49.78	49.79	-81.52	-3075.92	3077.00
257180112.00	-1.24	-49.87	49.88	-91.72	-3081.36	3082.73
257180208.00	-1.21	-50.14	50.15	-89.64	-3098.09	3099.38
257180304.00	-1.11	-49.94	49.96	-82.55	-3085.99	3087.09
257180416.00	-0.94	-49.81	49.82	-69.77	-3077.63	3078.42
257180512.00	-0.95	-49.99	50.00	-70.17	-3088.72	3089.51
257180608.00	-1.04	-50.02	50.03	-77.32	-3090.86	3091.83
257180608.00	-1.14	-49.98	49.99	-84.14	-3088.12	3089.26
257180816.00	-1.00	-49.86	49.87	-74.03	-3081.04	3081.93
257180816.00	-1.07	-48.28	48.29	-79.21	-2983.24	2984.29
257181008.00	-1.02	-48.21	48.22	-75.37	-2978.76	2979.72
257181104.00	-0.97	-48.47	48.48	-71.84	-2994.67	2995.53
257181216.00	-0.91	-48.49	48.50	-67.17	-2996.28	2997.04
257181312.00	-1.25	-48.22	48.24	-92.34	-2979.70	2981.13
257181408.00	-0.97	-48.18	48.19	-71.89	-2976.97	2977.84
257181504.00	-1.05	-48.44	48.46	-77.73	-2993.33	2994.34
257181616.00	-1.07	-48.33	48.34	-79.01	-2986.23	2987.28
257181712.00	-1.00	-48.04	48.05	-74.25	-2968.32	2969.25
257181808.00	-0.94	-48.19	48.20	-69.53	-2977.60	2978.41
257181904.00	-1.02	-48.36	48.37	-75.33	-2988.01	2988.96
257182016.00	-1.07	-48.14	48.15	-79.25	-2974.36	2975.41
257182112.00	-0.99	-48.37	48.38	-73.19	-2988.78	2989.67
257182208.00	-1.05	-48.02	48.03	-77.70	-2967.20	2968.22
257182304.00	-1.11	-48.14	48.15	-82.47	-2974.51	2975.65
257182416.00	-1.11	-48.15	48.17	-81.99	-2975.36	2976.49
257182512.00	-1.18	-48.34	48.36	-87.29	-2987.07	2988.34
257182608.00	-1.10	-48.37	48.38	-81.62	-2988.81	2989.92
257182704.00	-1.06	-48.29	48.31	-78.81	-2984.09	2985.13
257182816.00	-1.15	-48.18	48.19	-85.51	-2976.85	2978.07
257182912.00	-1.02	-48.20	48.21	-75.83	-2978.46	2979.42
257183008.00	-0.98	-48.11	48.12	-72.72	-2972.47	2973.36
257183104.00	-1.08	-48.12	48.13	-79.67	-2973.09	2974.15
257183216.00	-0.83	-48.20	48.21	-61.66	-2978.59	2979.22
257183312.00	-0.94	-48.20	48.21	-69.52	-2978.20	2979.01
257183424.00	-0.99	-48.44	48.45	-73.28	-2993.16	2994.06
257183504.00	-1.15	-48.38	48.40	-84.88	-2989.59	2990.79
257183616.00	-0.89	-48.07	48.08	-65.56	-2970.47	2971.19
257183712.00	-1.03	-48.13	48.14	-76.11	-2974.17	2975.15
257183808.00	-0.97	-48.39	48.40	-72.04	-2989.73	2990.60
257183904.00	-0.99	-48.18	48.19	-73.51	-2977.04	2977.95
257183904.00	-1.18	-48.17	48.18	-87.54	-2976.31	2977.60
257184016.00	-1.31	-48.24	48.26	-96.85	-2980.64	2982.21
257184112.00	-0.99	-48.07	48.08	-73.41	-2970.17	2971.07
257184208.00	-1.03	-48.31	48.32	-76.01	-2985.26	2986.23
257184304.00	-1.13	-48.31	48.32	-83.45	-2984.88	2986.05
257184416.00	-1.37	-48.29	48.31	-101.16	-2983.97	2985.68
257184512.00	-1.10	-48.14	48.15	-81.34	-2974.66	2975.77
257184512.00	-1.15	-48.28	48.30	-85.13	-2983.47	2984.68
257184608.00	-1.01	-48.14	48.15	-74.96	-2974.54	2975.49
257184704.00	-1.31	-48.29	48.31	-97.40	-2983.72	2985.31
257184816.00	-1.27	-48.25	48.26	-93.89	-2981.20	2982.67
257184912.00	-1.03	-48.40	48.41	-76.06	-2990.87	2991.84
257185008.00	-1.19	-48.08	48.09	-88.27	-2970.72	2972.03
257185104.00	-0.96	-48.23	48.24	-71.02	-2980.39	2981.24
257185216.00	-1.16	-48.16	48.18	-85.80	-2975.94	2977.18
257185312.00	-1.19	-48.36	48.37	-88.24	-2988.00	2989.31
257185408.00	-1.04	-48.39	48.40	-76.72	-2990.07	2991.05
257185504.00	-0.94	-48.46	48.47	-69.61	-2994.15	2994.96
257185616.00	-1.01	-48.15	48.16	-75.00	-2974.93	2975.87
257185712.00	-1.25	-48.32	48.33	-92.88	-2985.45	2986.89
257185808.00	-1.07	-47.91	47.93	-79.19	-2960.66	2961.72
257186016.00	-1.21	-46.77	46.79	-89.34	-2889.91	2891.29
257186112.00	-1.15	-46.64	46.65	-85.20	-2881.76	2883.02
257186208.00	-1.25	-46.50	46.52	-92.49	-2873.31	2874.80
257186304.00	-1.19	-46.85	46.86	-87.83	-2894.59	2895.92
257186416.00	-1.15	-46.92	46.93	-85.12	-2899.02	2900.27
257186512.00	-1.08	-46.75	46.77	-80.17	-2888.95	2890.06
257186608.00	-0.97	-46.51	46.52	-72.12	-2874.09	2875.00
257186704.00	-1.12	-46.61	46.62	-83.33	-2879.94	2881.15
257186816.00	-1.15	-46.86	46.88	-84.95	-2895.68	2896.93
257186816.00	-1.03	-46.38	46.40	-76.32	-2866.12	2867.14
257186912.00	-1.06	-46.89	46.90	-78.79	-2897.36	2898.43
257187008.00	-0.99	-46.23	46.24	-73.02	-2856.83	2857.76
257187104.00	-1.08	-46.74	46.75	-79.99	-2887.86	2888.97
257187216.00	-1.13	-46.49	46.50	-83.88	-2872.62	2873.85
257187216.00	-0.96	-46.46	46.47	-71.28	-2870.62	2871.50
257187312.00	-0.99	-46.64	46.65	-73.68	-2881.58	2882.52
257187408.00	-1.19	-46.43	46.44	-88.14	-2868.67	2870.03
257187520.00	-1.13	-46.85	46.86	-84.07	-2894.80	2896.02
257187616.00	-1.05	-46.41	46.42	-77.43	-2867.56	2868.60
257187712.00	-0.94	-46.56	46.57	-69.29	-2877.09	2877.93
257187824.00	-1.09	-46.33	46.34	-80.53	-2862.68	2863.81
257187904.00	-1.24	-46.60	46.61	-91.60	-2879.13	2880.59
257188016.00	-1.09	-46.44	46.45	-80.95	-2869.34	2870.49
257188112.00	-0.91	-46.46	46.47	-67.65	-2870.63	2871.43
257188208.00	-0.93	-46.73	46.73	-68.79	-2887.17	2887.99
257188208.00	-0.85	-46.57	46.58	-62.64	-2877.47	2878.16
257188416.00	-0.98	-46.74	46.75	-72.65	-2888.17	2889.08
257188512.00	-1.20	-46.38	46.40	-89.17	-2866.06	2867.44
257188608.00	-1.19	-46.40	46.42	-88.27	-2867.31	2868.67
257188704.00	-1.00	-46.38	46.39	-74.12	-2865.68	2866.64
257188832.00	-1.10	-46.47	46.48	-81.32	-2871.29	2872.44
257188832.00	-1.02	-46.67	46.68	-75.44	-2883.44	2884.43
257188912.00	-0.85	-47.00	47.01	-62.78	-2904.01	2904.69
257189008.00	-0.91	-46.70	46.71	-67.21	-2885.72	2886.50
257189120.00	-1.01	-46.33	46.34	-74.90	-2862.72	2863.70
257189216.00	-1.04	-46.14	46.15	-77.15	-2850.76	2851.80
257189312.00	-1.08	-46.36	46.37	-79.95	-2864.55	2865.66
257189408.00	-0.93	-46.60	46.61	-69.09	-2879.15	2879.98
257189504.00	-1.08	-46.82	46.83	-80.32	-2892.82	2893.93
257189616.00	-1.11	-46.24	46.25	-81.88	-2857.16	2858.34
257189712.00	-1.13	-46.55	46.57	-83.88	-2876.47	2877.69
257189808.00	-0.98	-46.76	46.77	-72.74	-2889.52	2890.43
257189920.00	-1.09	-46.56	46.58	-81.04	-2877.20	2878.34
257190016.00	-0.87	-46.68	46.68	-64.55	-2884.05	2884.78
257190112.00	-1.06	-46.67	46.69	-78.66	-2883.98	2885.05
257190208.00	-1.01	-46.34	46.35	-75.18	-2863.52	2864.51
257190320.00	-1.03	-46.44	46.45	-76.13	-2869.63	2870.64
257190320.00	-1.11	-46.42	46.43	-82.22	-2868.25	2869.43
257190416.00	-1.09	-46.71	46.72	-80.90	-2886.19	2887.32
257190512.00	-1.14	-46.28	46.29	-84.55	-2859.56	2860.81
257190608.00	-1.14	-46.33	46.34	-84.79	-2862.47	2863.73
257190704.00	-1.06	-46.84	46.85	-78.28	-2893.95	2895.01
257190816.00	-0.88	-45.99	46.00	-65.16	-2841.55	2842.30
257190912.00	-0.92	-45.40	45.41	-67.91	-2805.30	2806.13
257191008.00	-1.02	-44.65	44.66	-75.42	-2758.99	2760.02
257191104.00	-0.78	-45.23	45.24	-58.13	-2795.00	2795.60
257191216.00	-0.99	-44.86	44.87	-73.50	-2772.09	2773.06
257191312.00	-0.95	-45.18	45.19	-70.47	-2791.55	2792.44
257191312.00	-0.88	-44.56	44.56	-64.82	-2753.10	2753.86
257191408.00	-0.80	-44.64	44.64	-59.11	-2758.17	2758.81
257191504.00	-1.13	-44.73	44.75	-83.63	-2763.97	2765.24
257191616.00	-0.75	-45.12	45.13	-55.72	-2787.90	2788.45
257191712.00	-1.06	-45.19	45.20	-78.36	-2792.22	2793.31
257191808.00	-1.03	-45.32	45.33	-76.51	-2800.12	2801.16
257191904.00	-0.88	-45.10	45.11	-65.01	-2786.99	2787.75
257192016.00	-0.95	-45.09	45.10	-70.19	-2785.96	2786.84
257192128.00	-0.96	-45.13	45.14	-71.44	-2788.41	2789.32
257192208.00	-0.80	-45.16	45.16	-59.53	-2790.24	2790.88
257192304.00	-0.89	-45.07	45.08	-65.92	-2785.12	2785.90
257192416.00	-1.09	-45.02	45.03	-80.57	-2781.87	2783.03
257192512.00	-1.08	-45.01	45.03	-79.86	-2781.43	2782.58
257192608.00	-1.10	-45.07	45.08	-81.45	-2784.95	2786.14
257192704.00	-0.89	-44.59	44.60	-65.77	-2755.22	2756.01
257192816.00	-0.96	-44.72	44.73	-70.89	-2763.47	2764.38
257192912.00	-0.89	-44.86	44.87	-65.69	-2772.11	2772.89
257193008.00	-1.14	-45.01	45.03	-84.25	-2781.23	2782.51
257193104.00	-1.02	-44.58	44.60	-75.36	-2754.91	2755.94
257193216.00	-1.03	-44.70	44.71	-76.04	-2761.89	2762.94
257193216.00	-1.11	-44.66	44.67	-82.43	-2759.53	2760.76
257193312.00	-0.81	-45.05	45.06	-60.31	-2783.70	2784.36
257193424.00	-0.99	-44.76	44.77	-73.46	-2765.87	2766.85
257193504.00	-1.11	-44.54	44.56	-82.49	-2752.30	2753.54
257193616.00	-1.04	-44.63	44.64	-77.06	-2757.71	2758.79
257193712.00	-1.08	-45.12	45.13	-80.20	-2787.85	2789.01
257193808.00	-0.93	-45.21	45.22	-68.63	-2793.76	2794.60
257193904.00	-1.17	-44.82	44.84	-86.63	-2769.65	2771.01
257194016.00	-0.82	-44.87	44.87	-60.86	-2772.28	2772.94
257194112.00	-0.89	-44.82	44.83	-65.94	-2769.62	2770.40
257194208.00	-0.96	-44.82	44.83	-70.74	-2769.49	2770.40
257194304.00	-0.93	-44.47	44.48	-68.97	-2747.54	2748.40
257194416.00	-0.93	-44.81	44.82	-68.82	-2769.00	2769.85
257194512.00	-0.98	-44.82	44.83	-72.64	-2769.38	2770.33
257194608.00	-0.89	-44.63	44.63	-66.14	-2757.43	2758.22
257194704.00	-1.06	-44.95	44.96	-78.28	-2777.24	2778.35
257194816.00	-0.80	-44.81	44.81	-59.54	-2768.63	2769.27
257194816.00	-1.17	-45.15	45.17	-86.63	-2790.03	2791.38
257194912.00	-1.18	-45.12	45.13	-87.05	-2787.94	2789.30
257195008.00	-0.92	-44.62	44.63	-68.25	-2757.12	2757.97
257195104.00	-1.23	-45.00	45.01	-91.14	-2780.43	2781.92
257195216.00	-0.95	-44.65	44.66	-70.34	-2758.77	2759.67
257195216.00	-0.98	-44.89	44.90	-72.64	-2773.64	2774.59
257195312.00	-1.00	-44.76	44.77	-74.44	-2765.67	2766.67
257195408.00	-0.95	-44.97	44.98	-70.69	-2778.92	2779.81
257195504.00	-0.99	-45.05	45.06	-73.29	-2783.67	2784.63
257195616.00	-1.13	-44.94	44.96	-83.72	-2777.03	2778.29
257195712.00	-1.03	-45.00	45.02	-76.43	-2780.83	2781.88
257195808.00	-0.80	-44.83	44.83	-59.62	-2769.87	2770.51
257195808.00	-0.87	-42.62	42.63	-64.18	-2633.33	2634.11
257196016.00	-0.86	-42.80	42.80	-63.66	-2644.32	2645.09
257196128.00	-0.73	-42.58	42.59	-53.74	-2631.04	2631.59
257196208.00	-0.62	-42.95	42.96	-46.15	-2653.99	2654.40
257196304.00	-0.74	-42.61	42.62	-54.73	-2632.92	2633.49
257196416.00	-0.83	-42.87	42.88	-61.28	-2648.87	2649.58
257196512.00	-0.74	-42.76	42.76	-54.74	-2642.00	2642.56
257196608.00	-0.84	-43.08	43.08	-62.24	-2661.64	2662.36
257196704.00	-0.85	-42.92	42.93	-63.10	-2652.22	2652.97
257196816.00	-0.93	-42.83	42.84	-68.60	-2646.56	2647.45
257196912.00	-0.75	-43.27	43.27	-55.47	-2673.47	2674.05
257197008.00	-0.86	-42.91	42.91	-63.92	-2651.14	2651.91
257197120.00	-0.93	-43.04	43.06	-69.18	-2659.74	2660.64
257197216.00	-0.82	-43.34	43.35	-60.96	-2677.86	2678.55
257197312.00	-1.02	-42.91	42.92	-75.26	-2651.20	2652.27
257197424.00	-0.78	-42.78	42.79	-57.80	-2643.35	2643.98
257197504.00	-0.97	-42.93	42.94	-71.58	-2652.69	2653.66
257197616.00	-0.92	-42.65	42.66	-68.35	-2635.37	2636.26
257197712.00	-0.74	-43.08	43.09	-55.01	-2662.16	2662.73
257197808.00	-0.90	-43.14	43.15	-66.42	-2665.57	2666.39
257197920.00	-0.98	-42.93	42.94	-72.71	-2652.39	2653.39
257198016.00	-0.62	-42.83	42.83	-46.28	-2646.29	2646.69
257198016.00	-0.99	-43.10	43.11	-73.06	-2663.03	2664.03
257198112.00	-1.09	-42.91	42.92	-80.61	-2651.39	2652.61
257198208.00	-0.71	-42.66	42.67	-52.40	-2636.26	2636.78
257198304.00	-0.77	-43.34	43.35	-57.06	-2677.94	2678.55
257198416.00	-0.61	-43.31	43.31	-45.24	-2675.95	2676.33
257198512.00	-0.70	-42.58	42.59	-52.16	-2631.03	2631.55
257198608.00	-0.66	-43.38	43.39	-48.67	-2680.69	2681.14
257198720.00	-0.71	-42.68	42.68	-52.67	-2637.06	2637.58
257198816.00	-0.79	-43.23	43.23	-58.18	-2670.97	2671.60
257198816.00	-0.94	-42.94	42.95	-69.58	-2653.33	2654.24
257199008.00	-0.80	-43.04	43.05	-59.34	-2659.62	2660.28
257199008.00	-0.90	-42.94	42.95	-66.93	-2653.48	2654.33
257199104.00	-0.86	-43.25	43.26	-63.83	-2672.20	2672.96
257199216.00	-0.70	-43.21	43.22	-51.58	-2670.03	2670.53
257199312.00	-0.86	-42.93	42.94	-63.43	-2652.59	2653.35
257199408.00	-0.82	-43.54	43.54	-60.77	-2690.16	2690.85
257199504.00	-0.82	-42.93	42.94	-60.64	-2652.62	2653.31
257199616.00	-0.82	-43.21	43.22	-61.05	-2669.87	2670.57
257199616.00	-1.08	-43.05	43.06	-79.82	-2660.12	2661.31
257199712.00	-0.72	-42.99	42.99	-52.98	-2656.08	2656.60
257199808.00	-0.80	-43.20	43.21	-59.12	-2669.42	2670.08
257199808.00	-0.95	-42.99	43.00	-70.49	-2656.37	2657.30
257199904.00	-0.69	-43.39	43.40	-51.26	-2681.32	2681.81
257200016.00	-0.81	-43.15	43.16	-60.05	-2666.55	2667.22
257200112.00	-0.84	-42.65	42.66	-62.23	-2635.62	2636.35
257200208.00	-0.82	-42.88	42.89	-60.99	-2649.67	2650.38
257200304.00	-0.78	-43.05	43.06	-57.76	-2660.04	2660.66
257200416.00	-0.74	-43.60	43.60	-54.70	-2693.76	2694.32
257200512.00	-0.94	-43.18	43.19	-69.83	-2668.21	2669.12
257200608.00	-0.98	-43.09	43.10	-72.84	-2662.56	2663.56
257200608.00	-0.88	-43.49	43.50	-64.86	-2687.53	2688.32
257200704.00	-0.73	-43.04	43.04	-54.06	-2659.24	2659.79
257200816.00	-0.62	-42.98	42.99	-46.05	-2655.83	2656.23
257200912.00	-0.54	-41.58	41.59	-40.17	-2569.48	2569.79
257201008.00	-0.35	-41.35	41.35	-26.13	-2554.96	2555.10
257201104.00	-0.71	-40.87	40.88	-52.45	-2525.66	2526.20
257201216.00	-0.44	-41.07	41.07	-32.93	-2537.47	2537.68
257201312.00	-0.48	-41.24	41.24	-35.55	-2548.15	2548.40
257201408.00	-0.48	-41.64	41.64	-35.45	-2572.72	2572.97
257201504.00	-0.50	-40.82	40.82	-36.83	-2522.37	2522.64
257201616.00	-0.69	-41.31	41.32	-50.80	-2552.77	2553.27
257201616.00	-0.45	-40.95	40.96	-33.62	-2530.59	2530.81
257201712.00	-0.65	-40.93	40.93	-48.08	-2529.03	2529.48
257201808.00	-0.66	-40.99	40.99	-48.93	-2532.58	2533.05
257201904.00	-0.66	-41.07	41.07	-48.79	-2537.65	2538.12
257202016.00	-0.55	-41.53	41.53	-40.81	-2566.12	2566.45
257202016.00	-0.55	-40.94	40.94	-40.70	-2529.61	2529.94
257202112.00	-0.54	-41.57	41.58	-39.92	-2568.77	2569.08
257202208.00	-0.39	-41.22	41.22	-28.60	-2547.12	2547.28
257202304.00	-0.56	-40.76	40.76	-41.38	-2518.55	2518.89
257202416.00	-0.54	-41.08	41.08	-40.17	-2538.31	2538.62
257202512.00	-0.49	-41.44	41.45	-36.65	-2560.75	2561.01
257202608.00	-0.52	-41.13	41.14	-38.21	-2541.58	2541.87
257202704.00	-0.46	-41.55	41.55	-34.44	-2567.49	2567.73
257202816.00	-0.51	-41.26	41.27	-37.65	-2549.66	2549.94
257202912.00	-0.43	-41.38	41.38	-32.13	-2556.72	2556.92
257203008.00	-0.67	-40.89	40.89	-49.71	-2526.36	2526.85
257203104.00	-0.59	-41.15	41.16	-43.48	-2542.86	2543.24
257203216.00	-0.55	-41.64	41.64	-40.60	-2572.95	2573.27
257203312.00	-0.66	-41.24	41.25	-48.66	-2548.46	2548.92
257203408.00	-0.52	-41.33	41.34	-38.27	-2554.03	2554.32
257203520.00	-0.46	-41.39	41.39	-34.00	-2557.64	2557.86
257203616.00	-0.70	-41.10	41.10	-52.04	-2539.39	2539.92
257203616.00	-0.56	-42.25	42.25	-41.73	-2610.43	2610.77
257203712.00	-0.47	-40.87	40.87	-34.99	-2525.25	2525.50
257203808.00	-0.55	-41.28	41.28	-40.53	-2550.47	2550.80
257203904.00	-0.60	-41.65	41.65	-44.19	-2573.31	2573.69
257204016.00	-0.50	-41.00	41.01	-36.68	-2533.68	2533.95
257204112.00	-0.57	-41.71	41.71	-42.04	-2577.22	2577.56
257204208.00	-0.46	-41.38	41.38	-34.15	-2556.77	2557.00
257204304.00	-0.66	-41.17	41.18	-48.82	-2543.99	2544.46
257204416.00	-0.45	-41.34	41.34	-33.48	-2554.27	2554.49
257204512.00	-0.67	-41.46	41.47	-49.32	-2561.88	2562.35
257204608.00	-0.72	-40.80	40.80	-53.02	-2520.91	2521.47
257204704.00	-0.55	-41.13	41.14	-40.58	-2541.66	2541.98
257204816.00	-0.41	-41.61	41.61	-30.32	-2570.89	2571.06
257204912.00	-0.51	-41.41	41.42	-37.67	-2558.98	2559.26
257205008.00	-0.49	-41.37	41.37	-36.61	-2556.16	2556.43
257205104.00	-0.66	-41.21	41.21	-48.55	-2546.07	2546.54
257205216.00	-0.46	-41.76	41.76	-34.12	-2580.20	2580.43
257205312.00	-0.50	-41.61	41.61	-36.68	-2570.90	2571.16
257205408.00	-0.57	-41.13	41.13	-42.44	-2541.23	2541.58
257205408.00	-0.60	-41.26	41.27	-44.09	-2549.74	2550.12
257205504.00	-0.54	-41.67	41.67	-40.08	-2574.63	2574.94
257205616.00	-0.34	-41.35	41.36	-25.18	-2555.26	2555.38
257205712.00	-0.44	-41.68	41.69	-32.54	-2575.70	2575.91
257205808.00	-0.24	-41.35	41.35	-17.63	-2554.84	2554.90
257206016.00	-0.31	-40.19	40.19	-22.65	-2483.10	2483.20
257206112.00	-0.29	-40.12	40.12	-21.14	-2479.19	2479.28
257206208.00	-0.31	-39.68	39.69	-23.14	-2452.09	2452.20
257206208.00	-0.30	-40.43	40.44	-22.27	-2498.44	2498.54
257206304.00	-0.48	-39.73	39.73	-35.38	-2454.81	2455.06
257206416.00	-0.43	-40.24	40.24	-31.85	-2486.29	2486.50
257206512.00	-0.27	-39.85	39.85	-20.03	-2462.09	2462.17
257206608.00	-0.41	-40.18	40.18	-30.65	-2482.62	2482.81
257206704.00	-0.29	-40.02	40.02	-21.38	-2472.66	2472.75
257206816.00	-0.49	-39.50	39.51	-36.39	-2440.90	2441.17
257206912.00	-0.26	-39.85	39.85	-19.14	-2462.47	2462.55
257207008.00	-0.47	-39.53	39.53	-34.74	-2442.57	2442.82
257207008.00	-0.34	-39.87	39.88	-25.18	-2463.80	2463.93
257207104.00	-0.45	-40.23	40.23	-33.10	-2485.56	2485.78
257207312.00	-0.43	-40.04	40.04	-31.61	-2474.24	2474.44
257207312.00	-0.30	-40.27	40.27	-21.95	-2488.27	2488.36
257207408.00	-0.30	-39.93	39.93	-22.08	-2467.06	2467.16
257207504.00	-0.34	-39.79	39.79	-24.97	-2458.77	2458.90
257207616.00	-0.19	-39.72	39.72	-13.97	-2454.12	2454.16
257207712.00	-0.27	-39.46	39.46	-20.24	-2438.19	2438.28
257207808.00	-0.39	-40.04	40.04	-29.10	-2473.97	2474.15
257207904.00	-0.34	-40.08	40.08	-24.94	-2476.48	2476.60
257207904.00	-0.06	-39.81	39.81	-4.38	-2460.13	2460.13
257208016.00	-0.16	-39.28	39.28	-11.87	-2426.92	2426.95
257208112.00	-0.31	-39.34	39.34	-22.86	-2431.04	2431.14
257208208.00	-0.47	-39.77	39.78	-34.97	-2457.60	2457.84
257208304.00	-0.57	-39.49	39.50	-41.87	-2440.18	2440.54
257208416.00	-0.36	-39.47	39.47	-26.39	-2439.02	2439.17
257208416.00	-0.41	-40.00	40.00	-30.12	-2471.36	2471.54
257208512.00	-0.51	-39.89	39.90	-37.93	-2465.02	2465.31
257208608.00	-0.67	-39.80	39.81	-49.28	-2459.54	2460.03
257208704.00	-0.23	-40.57	40.57	-16.68	-2506.88	2506.94
257208816.00	-0.41	-39.47	39.47	-30.00	-2438.97	2439.15
257208912.00	-0.41	-40.02	40.02	-30.25	-2472.98	2473.17
257209024.00	-0.38	-39.29	39.29	-28.43	-2427.70	2427.87
257209120.00	-0.36	-39.69	39.69	-26.42	-2452.37	2452.51
257209216.00	-0.46	-39.85	39.85	-33.91	-2462.39	2462.62
257209312.00	-0.27	-39.37	39.37	-20.17	-2432.43	2432.52
257209408.00	-0.40	-40.25	40.25	-29.86	-2486.98	2487.16
257209504.00	-0.22	-40.11	40.11	-15.94	-2478.31	2478.36
257209616.00	-0.21	-39.89	39.89	-15.82	-2465.03	2465.09
257209712.00	-0.47	-40.13	40.13	-34.48	-2479.46	2479.70
257209808.00	-0.18	-39.89	39.89	-13.10	-2464.55	2464.58
257209920.00	-0.53	-39.87	39.87	-39.29	-2463.49	2463.81
257210016.00	-0.53	-39.39	39.40	-39.08	-2434.14	2434.45
257210016.00	-0.26	-40.01	40.01	-18.94	-2472.09	2472.16
257210112.00	-0.36	-39.40	39.41	-26.41	-2434.82	2434.97
257210208.00	-0.36	-39.34	39.34	-26.80	-2430.69	2430.84
257210304.00	-0.34	-39.49	39.49	-25.34	-2439.95	2440.08
257210416.00	-0.33	-39.71	39.71	-24.31	-2453.46	2453.58
257210512.00	-0.29	-40.35	40.35	-21.22	-2493.26	2493.35
257210608.00	-0.41	-40.10	40.11	-30.27	-2477.96	2478.15
257210704.00	-0.19	-39.62	39.62	-14.17	-2448.12	2448.16
257210816.00	-0.36	-39.19	39.19	-26.80	-2421.52	2421.67
257210912.00	-0.45	-38.38	38.39	-33.59	-2371.66	2371.90
257211104.00	-0.29	-38.55	38.55	-21.22	-2381.83	2381.92
257211216.00	-0.20	-38.83	38.83	-14.90	-2399.03	2399.07
257211216.00	-0.24	-38.34	38.34	-18.06	-2368.96	2369.03
257211312.00	-0.29	-38.58	38.58	-21.62	-2384.01	2384.11
257211408.00	-0.45	-38.83	38.83	-33.60	-2399.21	2399.44
257211504.00	-0.46	-38.57	38.57	-33.76	-2383.01	2383.25
257211616.00	-0.40	-38.72	38.72	-29.59	-2392.60	2392.79
257211616.00	0.07	-38.57	38.57	5.36	-2383.22	2383.22
257211712.00	-0.11	-38.78	38.78	-7.81	-2396.15	2396.16
257211824.00	-0.24	-38.21	38.21	-17.46	-2361.01	2361.07
257211904.00	-0.26	-38.70	38.70	-19.08	-2391.34	2391.42
257212016.00	-0.32	-38.83	38.83	-23.82	-2399.04	2399.16
257212016.00	-0.52	-38.18	38.18	-38.66	-2358.98	2359.30
257212112.00	-0.25	-38.80	38.80	-18.46	-2397.43	2397.50
257212208.00	-0.45	-38.70	38.70	-32.99	-2391.21	2391.44
257212320.00	-0.40	-38.50	38.50	-29.85	-2379.08	2379.26
257212416.00	-0.39	-38.21	38.21	-28.58	-2361.06	2361.24
257212512.00	-0.42	-38.27	38.28	-31.43	-2364.91	2365.12
257212608.00	-0.34	-38.68	38.68	-25.11	-2389.86	2389.99
257212704.00	-0.03	-38.41	38.41	-2.15	-2373.23	2373.23
257212816.00	-0.25	-38.15	38.15	-18.88	-2357.36	2357.44
257212912.00	-0.45	-38.55	38.55	-33.10	-2381.96	2382.19
257213008.00	-0.37	-38.68	38.68	-27.45	-2389.82	2389.97
257213104.00	-0.25	-37.98	37.98	-18.49	-2346.50	2346.57
257213216.00	-0.14	-38.14	38.14	-10.13	-2356.90	2356.92
257213312.00	0.02	-38.69	38.69	1.58	-2390.62	2390.62
257213408.00	-0.34	-38.41	38.41	-25.42	-2373.25	2373.39
257213408.00	-0.55	-38.45	38.46	-40.82	-2375.96	2376.31
257213504.00	-0.39	-38.97	38.97	-28.88	-2408.00	2408.17
257213616.00	-0.24	-38.55	38.55	-17.83	-2382.06	2382.13
257213712.00	-0.14	-38.24	38.24	-10.27	-2362.78	2362.81
257213808.00	-0.40	-38.31	38.31	-29.45	-2367.26	2367.44
257213920.00	-0.37	-38.24	38.24	-27.27	-2362.78	2362.94
257214016.00	-0.47	-38.35	38.35	-34.48	-2369.42	2369.67
257214112.00	-0.34	-38.37	38.37	-25.00	-2370.58	2370.71
257214208.00	-0.30	-38.72	38.72	-22.17	-2392.21	2392.32
257214208.00	-0.54	-38.45	38.46	-40.27	-2376.05	2376.39
257214304.00	-0.29	-38.72	38.72	-21.85	-2392.34	2392.44
257214416.00	-0.50	-38.34	38.34	-37.39	-2368.79	2369.09
257214416.00	-0.23	-38.39	38.40	-16.84	-2372.41	2372.47
257214512.00	-0.42	-38.19	38.19	-31.33	-2359.71	2359.92
257214608.00	-0.61	-38.60	38.60	-45.15	-2384.96	2385.39
257214704.00	-0.14	-38.89	38.89	-10.12	-2403.30	2403.32
257214816.00	-0.31	-38.19	38.19	-22.75	-2359.79	2359.90
257214912.00	-0.20	-38.31	38.31	-14.84	-2367.37	2367.41
257215008.00	-0.14	-37.97	37.97	-10.52	-2345.91	2345.93
257215008.00	-0.16	-38.76	38.76	-11.72	-2395.18	2395.21
257215120.00	-0.18	-38.82	38.82	-13.30	-2398.73	2398.77
257215216.00	-0.39	-38.44	38.44	-28.66	-2375.12	2375.30
257215312.00	-0.62	-38.44	38.45	-45.93	-2375.29	2375.73
257215408.00	-0.41	-38.61	38.62	-30.31	-2385.91	2386.10
257215504.00	-0.29	-38.51	38.51	-21.19	-2379.25	2379.34
257215616.00	-0.19	-38.01	38.01	-13.90	-2348.75	2348.79
257215712.00	-0.38	-38.53	38.53	-28.10	-2380.86	2381.02
257215808.00	-0.47	-38.59	38.59	-34.52	-2384.46	2384.71
257215920.00	-0.16	-38.00	38.00	-12.17	-2348.30	2348.33
257216016.00	-0.15	-38.33	38.33	-10.83	-2368.56	2368.59
257216208.00	-0.38	-38.11	38.11	-27.97	-2354.54	2354.71
257216304.00	-0.31	-37.64	37.64	-23.13	-2325.92	2326.03
257216304.00	-0.40	-37.36	37.36	-29.80	-2308.62	2308.81
257216416.00	-0.10	-38.15	38.15	-7.08	-2356.99	2357.00
257216512.00	-0.06	-37.98	37.98	-4.73	-2346.49	2346.50
257216512.00	-0.31	-37.90	37.90	-22.95	-2341.91	2342.02
257216608.00	-0.20	-37.97	37.97	-15.06	-2346.06	2346.11
257216704.00	-0.16	-38.00	38.00	-11.88	-2348.03	2348.06
257216816.00	-0.34	-37.90	37.90	-25.20	-2342.03	2342.17
257216912.00	-0.46	-37.84	37.84	-34.21	-2337.98	2338.23
257217008.00	-0.09	-38.21	38.21	-6.56	-2361.29	2361.30
257217104.00	0.06	-37.83	37.83	4.63	-2337.47	2337.47
257217216.00	-0.37	-38.15	38.15	-27.18	-2357.23	2357.39
257217312.00	-0.23	-38.03	38.03	-17.33	-2349.67	2349.74
257217408.00	-0.08	-38.30	38.30	-6.05	-2366.32	2366.33
257217504.00	0.03	-38.25	38.25	2.47	-2363.73	2363.73
257217616.00	-0.50	-38.20	38.20	-36.96	-2360.29	2360.58
257217712.00	-0.17	-38.19	38.19	-12.34	-2359.86	2359.89
257217808.00	-0.10	-38.15	38.15	-7.30	-2357.17	2357.18
257217920.00	-0.25	-37.81	37.81	-18.35	-2336.44	2336.51
257218016.00	-0.12	-38.07	38.07	-8.95	-2352.38	2352.39
257218112.00	-0.18	-38.18	38.18	-13.05	-2359.02	2359.05
257218112.00	-0.33	-37.73	37.73	-24.81	-2331.53	2331.66
257218336.00	-0.11	-38.17	38.17	-8.13	-2358.63	2358.64
257218416.00	-0.17	-37.80	37.80	-12.94	-2335.78	2335.81
257218512.00	-0.34	-38.26	38.27	-25.52	-2364.35	2364.48
257218608.00	-0.16	-37.78	37.78	-11.92	-2334.58	2334.61
257218720.00	-0.11	-38.17	38.17	-8.35	-2358.35	2358.36
257218816.00	-0.47	-37.84	37.84	-34.81	-2337.98	2338.24
257218912.00	-0.29	-38.40	38.40	-21.24	-2372.57	2372.67
257219008.00	0.06	-38.20	38.20	4.36	-2360.18	2360.18
257219104.00	-0.13	-38.12	38.12	-9.32	-2355.59	2355.61
257219104.00	0.09	-37.80	37.80	6.86	-2335.62	2335.63
257219216.00	0.14	-37.93	37.93	10.21	-2343.89	2343.91
257219312.00	-0.12	-38.33	38.33	-9.11	-2368.68	2368.69
257219504.00	-0.20	-37.93	37.93	-14.97	-2343.44	2343.49
257219504.00	-0.31	-37.86	37.87	-23.18	-2339.64	2339.75
257219616.00	-0.36	-38.25	38.25	-26.98	-2363.59	2363.74
257219712.00	0.13	-38.00	38.00	9.50	-2347.71	2347.73
257219808.00	-0.07	-37.73	37.73	-5.52	-2331.43	2331.44
257219904.00	-0.14	-38.33	38.33	-10.17	-2368.13	2368.15
257220016.00	-0.16	-38.41	38.41	-11.64	-2373.41	2373.43
257220112.00	0.04	-38.16	38.16	2.75	-2358.04	2358.04
257220208.00	-0.03	-37.90	37.90	-2.48	-2341.81	2341.82
257220304.00	-0.23	-38.06	38.06	-16.98	-2351.50	2351.56
257220304.00	-0.36	-38.18	38.18	-26.41	-2358.96	2359.11
257220512.00	-0.23	-37.91	37.91	-17.15	-2342.19	2342.26
257220608.00	-0.02	-37.77	37.77	-1.37	-2333.67	2333.67
257220704.00	-0.16	-37.62	37.62	-11.85	-2324.45	2324.48
257220816.00	-0.10	-38.06	38.06	-7.32	-2351.94	2351.95
257220816.00	-0.08	-38.07	38.07	-6.01	-2352.39	2352.40
257221008.00	-0.14	-37.85	37.85	-10.02	-2338.54	2338.56
257221104.00	-0.11	-37.67	37.67	-8.04	-2327.38	2327.39
257221216.00	-0.21	-37.84	37.84	-15.85	-2338.37	2338.42
257221312.00	-0.11	-37.76	37.76	-7.98	-2333.05	2333.06
257221408.00	0.26	-37.74	37.74	19.17	-2332.17	2332.25
257221504.00	-0.09	-37.74	37.74	-6.43	-2332.10	2332.11
257221616.00	-0.06	-37.91	37.91	-4.45	-2342.58	2342.59
257221616.00	-0.06	-37.78	37.78	-4.47	-2334.42	2334.42
257221712.00	-0.04	-37.91	37.91	-3.28	-2342.64	2342.64
257221808.00	-0.23	-37.78	37.78	-16.90	-2334.66	2334.72
257221904.00	0.09	-37.95	37.95	6.71	-2344.98	2344.99
257222016.00	-0.37	-38.02	38.02	-27.29	-2349.28	2349.44
257222112.00	0.02	-37.79	37.79	1.70	-2335.00	2335.00
257222208.00	0.05	-37.98	37.98	3.61	-2346.78	2346.78
257222304.00	-0.11	-38.19	38.19	-8.23	-2359.65	2359.66
257222416.00	-0.12	-37.95	37.95	-8.89	-2345.16	2345.17
257222512.00	0.07	-37.74	37.74	5.48	-2331.77	2331.78
257222608.00	-0.00	-38.17	38.17	-0.28	-2358.48	2358.48
257222720.00	-0.09	-37.83	37.83	-6.56	-2337.53	2337.54
257222816.00	-0.09	-37.96	37.96	-6.63	-2345.83	2345.84
257222816.00	-0.13	-38.07	38.07	-9.93	-2352.33	2352.36
257223024.00	-0.01	-37.91	37.91	-0.75	-2342.22	2342.22
257223024.00	-0.01	-37.89	37.89	-1.05	-2341.07	2341.07
257223104.00	0.40	-37.62	37.62	29.38	-2324.54	2324.72
257223216.00	0.16	-37.71	37.71	11.58	-2330.02	2330.05
257223312.00	0.04	-37.77	37.77	2.62	-2333.85	2333.85
257223312.00	-0.09	-37.92	37.92	-6.77	-2343.16	2343.17
257223408.00	-0.13	-37.86	37.86	-9.99	-2339.66	2339.68
257223504.00	0.32	-37.91	37.91	23.40	-2342.41	2342.52
257223616.00	-0.16	-38.04	38.04	-11.58	-2350.19	2350.22
257223712.00	0.06	-37.87	37.87	4.42	-2339.95	2339.95
257223808.00	0.03	-37.86	37.86	2.26	-2339.12	2339.12
257223904.00	0.07	-38.05	38.05	5.27	-2350.83	2350.84
257224016.00	0.01	-37.63	37.63	0.76	-2325.24	2325.24
257224112.00	-0.07	-37.71	37.71	-5.42	-2330.37	2330.38
257224208.00	0.05	-37.94	37.94	3.99	-2344.22	2344.22
257224304.00	0.28	-37.82	37.82	20.79	-2336.70	2336.79
257224416.00	0.09	-37.88	37.88	6.32	-2340.49	2340.50
257224512.00	0.10	-37.88	37.88	7.20	-2340.79	2340.80
257224608.00	0.07	-37.91	37.91	4.86	-2342.66	2342.66
257224608.00	-0.04	-37.66	37.66	-2.71	-2327.17	2327.17
257224720.00	0.42	-37.67	37.68	30.80	-2327.82	2328.02
257224816.00	0.11	-37.80	37.80	8.12	-2335.71	2335.72
257224816.00	-0.12	-37.77	37.77	-8.55	-2333.90	2333.91
257224928.00	0.16	-37.91	37.91	11.97	-2342.38	2342.41
257225008.00	-0.31	-38.17	38.17	-23.30	-2358.74	2358.85
257225104.00	0.08	-37.75	37.75	6.28	-2332.42	2332.43
257225216.00	0.14	-37.68	37.68	10.48	-2328.09	2328.11
257225312.00	0.12	-37.60	37.60	8.78	-2323.10	2323.12
257225424.00	0.01	-37.88	37.88	0.88	-2340.72	2340.72
257225504.00	-0.14	-37.87	37.87	-10.32	-2339.83	2339.86
257225616.00	-0.23	-37.85	37.85	-16.85	-2338.84	2338.90
257225712.00	0.08	-37.90	37.90	5.92	-2341.80	2341.81
257225808.00	-0.03	-37.78	37.78	-2.23	-2334.35	2334.35
257225920.00	0.22	-36.73	36.73	16.44	-2269.25	2269.31
257226016.00	0.34	-35.88	35.89	25.19	-2217.24	2217.38
257226112.00	0.36	-36.01	36.01	26.99	-2224.99	2225.15
257226224.00	0.52	-35.49	35.49	38.55	-2192.75	2193.09
257226304.00	0.33	-34.58	34.58	24.73	-2136.77	2136.91
257226304.00	0.31	-35.03	35.03	23.11	-2164.61	2164.73
257226432.00	0.50	-35.75	35.75	37.38	-2208.81	2209.13
257226512.00	0.35	-35.06	35.06	25.75	-2166.46	2166.61
257226608.00	0.22	-35.62	35.63	16.47	-2201.26	2201.32
257226704.00	0.29	-35.62	35.62	21.38	-2200.68	2200.78
257226816.00	0.51	-35.57	35.57	38.05	-2197.87	2198.20
257226816.00	0.18	-35.70	35.70	13.18	-2205.85	2205.89
257226912.00	0.21	-35.74	35.74	15.59	-2208.64	2208.69
257227008.00	0.46	-35.73	35.73	34.02	-2207.88	2208.14
257227104.00	0.33	-35.06	35.06	24.78	-2166.31	2166.45
257227216.00	0.46	-35.59	35.59	34.09	-2198.90	2199.16
257227312.00	0.34	-35.36	35.36	25.05	-2184.65	2184.80
257227408.00	0.24	-35.12	35.12	17.46	-2170.31	2170.38
257227504.00	0.37	-35.88	35.88	27.38	-2216.81	2216.98
257227616.00	0.45	-35.99	35.99	33.50	-2223.62	2223.87
257227712.00	0.11	-36.29	36.29	8.20	-2242.63	2242.64
257227808.00	0.18	-36.03	36.03	13.03	-2226.27	2226.30
257227904.00	0.02	-36.00	36.00	1.55	-2224.75	2224.75
257228016.00	0.23	-35.92	35.92	17.21	-2219.33	2219.40
257228112.00	0.40	-36.12	36.12	29.37	-2231.64	2231.84
257228112.00	0.36	-35.76	35.76	26.72	-2209.39	2209.55
257228224.00	0.41	-35.22	35.22	30.46	-2176.15	2176.36
257228304.00	0.52	-35.79	35.80	38.49	-2211.69	2212.03
257228416.00	0.27	-36.01	36.01	19.98	-2225.27	2225.36
257228512.00	0.43	-35.27	35.27	31.77	-2179.20	2179.43
257228608.00	0.46	-35.66	35.66	34.16	-2203.28	2203.55
257228720.00	0.50	-34.78	34.78	37.27	-2148.88	2149.21
257228816.00	-0.33	35.42	35.42	-24.28	2188.78	2188.92
257228912.00	0.36	-35.83	35.83	26.73	-2213.78	2213.94
257228912.00	0.29	-35.74	35.74	21.65	-2208.25	2208.36
257229008.00	0.28	-36.16	36.16	21.04	-2234.19	2234.29
257229120.00	0.25	-35.32	35.33	18.40	-2182.71	2182.78
257229216.00	0.54	-35.53	35.53	40.26	-2195.41	2195.78
257229312.00	0.29	-36.00	36.00	21.59	-2224.28	2224.38
257229408.00	0.14	-36.15	36.15	10.65	-2233.80	2233.83
257229504.00	0.40	-35.58	35.58	29.93	-2198.45	2198.65
257229616.00	0.52	-35.58	35.58	38.70	-2198.56	2198.90
257229616.00	0.27	-35.64	35.64	20.09	-2201.96	2202.05
257229712.00	0.37	-36.35	36.35	27.08	-2245.87	2246.04
257229808.00	0.09	-35.70	35.70	6.42	-2205.63	2205.64
257229920.00	0.20	-36.13	36.14	14.94	-2232.76	2232.81
257230016.00	0.33	-35.83	35.83	24.07	-2213.87	2214.00
257230112.00	-0.50	35.37	35.37	-36.70	2185.27	2185.57
257230224.00	0.18	-36.19	36.19	13.07	-2235.99	2236.03
257230304.00	0.04	-36.11	36.11	2.62	-2231.21	2231.21
257230416.00	0.13	-35.82	35.82	9.65	-2213.25	2213.27
257230512.00	0.30	-35.45	35.45	22.07	-2190.67	2190.78
257230608.00	0.54	-35.34	35.34	40.06	-2183.42	2183.79
257230720.00	0.38	-35.65	35.65	28.28	-2202.71	2202.89
257230816.00	0.43	-35.72	35.73	31.70	-2207.37	2207.60
257230912.00	-1.28	27.59	27.62	-95.14	1704.73	1707.39
257231024.00	-1.22	27.19	27.21	-90.16	1679.88	1682.30
257231216.00	-1.41	26.11	26.15	-104.69	1613.29	1616.68
257231312.00	-0.94	26.01	26.03	-69.39	1607.06	1608.56
257231408.00	-1.26	25.70	25.73	-93.29	1588.15	1590.88
257231504.00	-1.26	26.15	26.18	-93.34	1616.02	1618.71
257231616.00	-1.19	25.64	25.67	-88.50	1584.35	1586.82
257231712.00	-1.17	26.72	26.74	-86.71	1650.87	1653.14
257231808.00	-1.23	27.26	27.28	-90.88	1684.11	1686.56
257231904.00	-1.28	26.42	26.46	-95.06	1632.78	1635.54
257232016.00	-1.43	27.42	27.46	-105.82	1694.52	1697.82
257232112.00	-1.20	27.09	27.12	-88.54	1673.95	1676.29
257232208.00	-1.33	26.10	26.14	-98.53	1612.92	1615.93
257232320.00	-1.52	26.70	26.75	-112.62	1649.91	1653.75
257232416.00	-1.44	25.44	25.48	-106.67	1572.10	1575.72
257232512.00	-1.45	27.74	27.78	-107.32	1713.99	1717.34
257232608.00	-1.36	26.58	26.61	-100.95	1642.33	1645.43
257232608.00	-1.35	25.85	25.89	-100.06	1597.47	1600.60
257232704.00	-1.37	27.44	27.47	-101.26	1695.45	1698.47
257232816.00	-1.23	25.99	26.02	-91.04	1605.88	1608.46
257232912.00	-1.14	25.98	26.01	-84.76	1605.58	1607.81
257233008.00	-1.42	26.73	26.77	-105.43	1651.89	1655.25
257233104.00	-1.24	25.61	25.64	-92.11	1582.50	1585.18
257233216.00	-1.16	26.18	26.21	-86.00	1617.70	1619.99
257233312.00	-1.26	26.34	26.37	-92.97	1627.59	1630.24
257233408.00	-1.28	26.36	26.40	-94.85	1629.04	1631.80
257233504.00	-1.35	25.75	25.78	-99.71	1590.94	1594.06
257233616.00	-1.08	26.51	26.53	-80.30	1637.86	1639.83
257233808.00	-1.67	26.06	26.11	-123.52	1610.17	1614.91
257233904.00	-1.31	26.91	26.94	-97.14	1662.46	1665.30
257234016.00	-1.20	26.47	26.50	-89.05	1635.52	1637.94
257234016.00	-1.38	26.08	26.12	-102.06	1611.45	1614.68
257234112.00	-1.47	26.95	26.99	-108.85	1665.28	1668.83
257234208.00	-1.02	26.13	26.15	-75.89	1614.82	1616.60
257234304.00	-1.34	25.73	25.76	-99.37	1589.74	1592.84
257234416.00	-1.46	26.10	26.15	-108.49	1613.03	1616.67
257234512.00	-1.35	26.01	26.05	-99.71	1607.37	1610.46
257234608.00	-1.15	25.48	25.50	-85.17	1574.30	1576.60
257234704.00	-1.54	26.44	26.48	-114.17	1633.65	1637.63
257234704.00	-1.09	27.16	27.18	-80.64	1678.36	1680.29
257234912.00	-1.38	26.38	26.41	-102.23	1629.85	1633.05
257235104.00	-1.23	25.86	25.89	-91.15	1598.04	1600.64
257235216.00	-1.45	26.56	26.59	-107.68	1640.85	1644.38
257235312.00	-1.20	26.86	26.88	-89.11	1659.41	1661.80
257235408.00	-1.42	26.30	26.33	-104.83	1624.85	1628.23
257235504.00	-1.35	26.26	26.30	-100.04	1622.68	1625.76
257235616.00	-1.40	26.62	26.66	-103.86	1644.86	1648.14
257235712.00	-1.42	26.91	26.94	-104.88	1662.59	1665.90
257235808.00	-1.47	26.39	26.43	-108.62	1630.60	1634.21
257235904.00	-1.47	25.39	25.43	-108.52	1568.54	1572.29
257236016.00	-1.47	27.46	27.50	-108.88	1696.76	1700.25
257236112.00	-1.24	26.42	26.45	-91.52	1632.36	1634.92
257236208.00	-1.15	26.63	26.65	-85.50	1645.33	1647.55
257236320.00	-1.17	25.61	25.64	-86.92	1582.36	1584.75
257236512.00	-1.26	26.27	26.30	-93.55	1623.16	1625.86
257236608.00	-1.25	26.05	26.08	-92.91	1609.64	1612.32
257236704.00	-1.20	25.60	25.63	-89.01	1581.86	1584.36
257236816.00	-1.37	25.67	25.71	-101.33	1586.36	1589.59
257236912.00	-1.55	25.62	25.67	-114.82	1583.08	1587.24
257237008.00	-1.28	26.74	26.77	-94.82	1652.20	1654.92
257237120.00	-1.16	26.48	26.50	-85.67	1636.00	1638.24
257237216.00	-1.30	26.70	26.73	-96.49	1649.65	1652.47
257237312.00	-1.17	26.84	26.86	-86.88	1658.30	1660.57
257237504.00	-1.18	26.90	26.93	-87.46	1662.25	1664.55
257237616.00	-1.53	25.60	25.65	-113.09	1582.00	1586.04
257237712.00	-1.23	26.29	26.32	-91.20	1624.53	1627.09
257237808.00	-1.31	26.38	26.41	-97.16	1629.99	1632.89
257237904.00	-1.26	26.42	26.45	-93.37	1632.61	1635.28
257238016.00	-1.34	27.22	27.25	-99.46	1681.83	1684.77
257238128.00	-1.08	25.88	25.90	-79.68	1598.92	1600.90
257238208.00	-1.43	26.15	26.19	-105.98	1616.07	1619.54
257238304.00	-1.19	26.49	26.52	-87.94	1637.08	1639.44
257238416.00	-1.41	25.61	25.65	-104.64	1582.41	1585.86
257238512.00	-1.20	26.84	26.87	-89.04	1658.63	1661.02
257238608.00	-1.16	26.64	26.67	-86.04	1646.18	1648.43
257238704.00	-1.36	26.54	26.57	-100.92	1639.75	1642.85
257238816.00	-1.36	26.13	26.16	-100.52	1614.45	1617.57
257238816.00	-1.56	26.38	26.43	-115.62	1630.02	1634.12
257238912.00	-1.25	26.55	26.58	-92.55	1640.40	1643.01
257239008.00	-1.25	26.37	26.40	-92.44	1629.66	1632.28
257239104.00	-1.15	26.14	26.17	-85.32	1615.17	1617.42
257239216.00	-1.46	26.27	26.31	-108.10	1623.21	1626.80
257239312.00	-1.33	26.20	26.24	-98.63	1619.10	1622.10
257239408.00	-1.40	26.02	26.06	-103.78	1607.90	1611.25
257239520.00	-1.03	26.61	26.63	-76.19	1644.25	1646.02
257239616.00	-1.26	25.60	25.63	-93.01	1581.57	1584.31
257239712.00	-1.43	26.26	26.30	-105.62	1622.74	1626.17
257239808.00	-1.47	26.75	26.79	-108.57	1653.05	1656.61
257239920.00	-1.61	26.26	26.31	-119.17	1622.64	1627.01
257240016.00	-1.30	26.26	26.29	-96.65	1622.63	1625.51
257240112.00	-1.18	25.85	25.88	-87.65	1597.29	1599.69
257240208.00	-1.39	26.17	26.21	-103.15	1617.31	1620.60
257240320.00	-1.32	26.47	26.50	-97.99	1635.37	1638.30
257240416.00	-1.24	27.26	27.29	-92.10	1684.43	1686.94
257240512.00	-1.35	24.88	24.92	-100.07	1537.31	1540.56
257240608.00	-1.15	25.73	25.75	-84.95	1589.74	1592.01
257240704.00	-1.36	25.69	25.72	-100.97	1587.30	1590.51
257240816.00	-1.38	26.65	26.69	-101.94	1647.00	1650.16
257240912.00	-1.15	26.39	26.41	-85.21	1630.34	1632.57
257240912.00	-1.08	24.91	24.93	-80.03	1539.27	1541.35
257241008.00	-1.53	25.21	25.25	-112.96	1557.65	1561.74
257241104.00	-1.37	26.34	26.38	-101.71	1627.78	1630.95
257241216.00	-1.41	26.05	26.09	-104.36	1609.83	1613.21
257241312.00	-1.10	26.25	26.28	-81.30	1622.19	1624.23
257241408.00	-1.27	24.81	24.84	-93.87	1533.06	1535.93
257241504.00	-1.28	25.56	25.60	-94.62	1579.63	1582.46
257241616.00	-1.23	26.92	26.95	-90.93	1663.23	1665.71
257241712.00	-1.12	26.53	26.55	-82.67	1639.18	1641.26
257241808.00	-1.31	25.86	25.89	-97.06	1597.92	1600.86
257241808.00	-1.27	25.97	26.01	-93.82	1604.98	1607.72
257242016.00	-1.11	26.72	26.74	-81.88	1651.16	1653.19
257242112.00	-1.15	26.49	26.51	-85.15	1636.79	1639.01
257242208.00	-1.35	25.95	25.99	-99.77	1603.66	1606.76
257242304.00	-1.11	26.32	26.34	-82.40	1626.35	1628.44
257242512.00	-1.03	26.15	26.17	-76.07	1615.61	1617.40
257242608.00	-1.10	26.59	26.61	-81.79	1642.72	1644.76
257242608.00	-1.25	26.99	27.02	-92.29	1667.64	1670.19
257242704.00	-1.38	26.02	26.05	-101.91	1607.53	1610.76
257242816.00	-1.24	26.15	26.18	-91.53	1615.65	1618.24
257242912.00	-1.23	26.52	26.55	-91.34	1638.89	1641.44
257243008.00	-1.05	26.54	26.56	-77.76	1639.80	1641.64
257243008.00	-1.47	25.59	25.63	-109.00	1581.30	1585.05
257243104.00	-1.19	26.66	26.69	-88.05	1647.44	1649.79
257243216.00	-1.42	26.61	26.65	-105.05	1644.13	1647.49
257243312.00	-1.45	25.70	25.74	-107.45	1587.84	1591.47
257243424.00	-1.06	26.11	26.13	-78.19	1613.46	1615.35
257243504.00	-1.25	27.33	27.35	-92.69	1688.45	1690.99
257243616.00	-1.26	26.52	26.55	-93.14	1638.68	1641.32
257243712.00	-1.22	25.64	25.67	-90.46	1584.23	1586.81
257243808.00	-1.11	26.48	26.51	-82.39	1636.41	1638.48
257243904.00	-1.42	26.33	26.37	-104.93	1627.01	1630.39
257244016.00	-1.11	26.64	26.66	-82.40	1645.87	1647.93
257244016.00	-1.41	26.43	26.47	-104.22	1633.32	1636.64
257244112.00	-1.20	25.90	25.93	-88.91	1600.41	1602.88
257244208.00	-1.25	26.74	26.77	-92.45	1652.50	1655.08
257244304.00	-1.27	25.90	25.93	-94.26	1600.06	1602.83
257244416.00	-1.29	26.32	26.35	-95.83	1626.25	1629.07
257244512.00	-1.13	26.17	26.20	-84.05	1617.33	1619.52
257244608.00	-0.96	26.56	26.58	-70.89	1641.09	1642.62
257244704.00	-1.72	26.16	26.21	-127.30	1616.19	1621.19
257244704.00	-1.36	25.40	25.44	-101.00	1569.71	1572.96
257244816.00	-1.14	26.12	26.15	-84.28	1613.99	1616.19
257244912.00	-1.56	26.73	26.78	-115.63	1651.68	1655.72
257245008.00	-1.38	26.64	26.67	-102.12	1645.83	1649.00
257245104.00	-1.39	25.91	25.95	-103.32	1600.95	1604.28
257245216.00	-1.34	26.75	26.79	-99.34	1653.04	1656.03
257245312.00	-1.21	26.78	26.80	-89.40	1654.50	1656.92
257245408.00	-1.56	25.21	25.26	-115.41	1557.93	1562.20
257245504.00	-1.44	26.16	26.20	-106.77	1616.40	1619.92
257245616.00	-1.23	26.46	26.49	-91.11	1634.76	1637.30
257245616.00	-1.11	27.25	27.27	-82.05	1683.64	1685.64
257245712.00	-1.15	26.76	26.79	-85.47	1653.63	1655.84
257245808.00	-0.95	27.69	27.71	-70.17	1711.08	1712.51
257246016.00	0.49	-34.68	34.69	35.94	-2143.09	2143.39
257246016.00	0.48	-34.74	34.74	35.88	-2146.38	2146.68
257246112.00	0.47	-34.63	34.63	34.62	-2139.79	2140.07
257246208.00	-0.35	34.94	34.94	-25.79	2158.86	2159.01
257246304.00	-0.51	34.89	34.90	-37.43	2155.95	2156.27
257246416.00	0.56	-33.95	33.95	41.34	-2097.57	2097.98
257246416.00	0.76	-35.12	35.13	56.46	-2170.29	2171.03
257246512.00	0.62	-34.99	35.00	46.15	-2162.15	2162.64
257246608.00	0.39	-34.76	34.76	28.96	-2147.95	2148.14
257246720.00	-0.35	34.63	34.63	-26.17	2139.95	2140.11
257246816.00	-0.72	35.22	35.23	-53.63	2176.34	2177.00
257246816.00	0.51	-34.21	34.21	37.55	-2113.78	2114.11
257246912.00	-0.57	34.80	34.80	-41.90	2150.23	2150.63
257247008.00	0.63	-35.23	35.24	46.42	-2176.94	2177.43
257247104.00	0.38	-35.20	35.21	28.37	-2175.22	2175.41
257247216.00	0.22	-35.52	35.52	16.04	-2194.50	2194.56
257247312.00	0.49	-34.55	34.55	36.04	-2134.55	2134.85
257247408.00	0.53	-35.44	35.45	39.23	-2190.05	2190.40
257247408.00	0.32	-34.41	34.41	23.65	-2126.05	2126.19
257247520.00	0.27	-35.33	35.33	20.17	-2182.91	2183.01
257247616.00	0.48	-35.72	35.73	35.60	-2207.44	2207.73
257247712.00	-0.54	35.39	35.39	-40.28	2186.49	2186.86
257247808.00	0.22	-35.06	35.06	16.50	-2166.55	2166.61
257247904.00	0.30	-35.71	35.71	21.95	-2206.73	2206.84
257248016.00	0.55	-35.26	35.27	40.75	-2178.93	2179.31
257248112.00	0.41	-35.60	35.60	30.10	-2199.53	2199.74
257248208.00	0.29	-35.63	35.63	21.60	-2201.69	2201.80
257248320.00	0.34	-35.52	35.52	25.55	-2194.97	2195.11
257248416.00	0.42	-35.80	35.80	31.08	-2212.06	2212.28
257248528.00	0.14	-36.05	36.05	10.24	-2227.35	2227.38
257248608.00	-0.02	-36.56	36.56	-1.25	-2259.12	2259.12
257248704.00	0.50	-36.26	36.26	37.34	-2240.42	2240.73
257248816.00	0.41	-36.09	36.09	30.65	-2230.06	2230.27
257248912.00	0.15	-35.85	35.85	11.44	-2215.23	2215.26
257249008.00	0.48	-35.94	35.94	35.55	-2220.61	2220.89
257249120.00	0.36	-34.96	34.96	26.39	-2160.13	2160.29
257249216.00	0.45	-35.27	35.28	33.11	-2179.63	2179.88
257249312.00	0.23	-35.47	35.47	17.03	-2191.42	2191.49
257249408.00	0.49	-35.79	35.79	36.50	-2211.38	2211.68
257249504.00	0.45	-36.03	36.03	32.97	-2226.01	2226.25
257249616.00	0.45	-35.85	35.86	33.63	-2215.42	2215.67
257249712.00	0.27	-35.45	35.45	20.01	-2190.46	2190.55
257249808.00	0.53	-35.56	35.56	39.54	-2197.23	2197.58
257249920.00	0.42	-35.96	35.97	31.04	-2222.20	2222.41
257250016.00	0.09	-36.42	36.42	6.31	-2250.43	2250.44
257250112.00	0.27	-36.13	36.13	19.79	-2232.26	2232.35
257250208.00	0.34	-35.71	35.71	24.96	-2206.52	2206.67
257250304.00	0.09	-35.83	35.83	6.39	-2213.82	2213.83
257250416.00	0.25	-35.50	35.50	18.53	-2193.24	2193.32
257250512.00	0.28	-35.40	35.40	20.58	-2187.27	2187.36
257250608.00	0.33	-35.94	35.95	24.13	-2220.96	2221.09
257250720.00	0.51	-35.66	35.66	37.81	-2203.13	2203.45
257250816.00	0.19	-36.26	36.26	13.75	-2240.22	2240.26
257250816.00	0.26	-37.25	37.25	19.50	-2301.78	2301.86
257250912.00	0.18	-37.33	37.33	13.05	-2306.63	2306.67
257251008.00	-0.02	-37.60	37.60	-1.14	-2323.09	2323.09
257251104.00	-0.03	-37.66	37.66	-2.20	-2327.31	2327.32
257251216.00	0.11	-37.56	37.56	8.36	-2320.92	2320.93
257251312.00	0.28	-37.44	37.44	20.76	-2313.24	2313.33
257251504.00	0.06	-37.51	37.51	4.37	-2318.01	2318.02
257251504.00	0.00	-37.57	37.57	0.11	-2321.17	2321.17
257251616.00	0.02	-37.49	37.49	1.59	-2316.49	2316.49
257251712.00	0.05	-37.79	37.79	3.91	-2335.05	2335.05
257251808.00	0.08	-37.62	37.62	5.61	-2324.37	2324.38
257251904.00	0.30	-37.53	37.53	22.50	-2319.11	2319.22
257252016.00	0.16	-37.35	37.35	11.56	-2308.00	2308.03
257252112.00	0.08	-37.55	37.55	5.99	-2320.33	2320.34
257252208.00	-0.15	-37.80	37.80	-10.90	-2335.63	2335.65
257252320.00	0.13	-37.78	37.78	9.37	-2334.31	2334.33
257252416.00	-0.04	-37.49	37.49	-2.83	-2316.61	2316.61
257252512.00	0.03	-37.80	37.80	2.36	-2335.49	2335.49
257252608.00	0.06	-37.90	37.90	4.56	-2341.66	2341.67
257252608.00	0.15	-37.86	37.86	11.36	-2339.21	2339.23
257252816.00	0.35	-37.73	37.73	25.89	-2331.35	2331.49
257252816.00	0.12	-37.51	37.51	8.80	-2318.00	2318.02
257252912.00	0.18	-37.57	37.57	13.43	-2321.67	2321.71
257253008.00	0.08	-37.62	37.62	6.14	-2324.24	2324.25
257253104.00	0.43	-37.40	37.41	31.48	-2311.13	2311.34
257253216.00	0.28	-37.64	37.65	20.43	-2326.08	2326.17
257253312.00	0.17	-37.59	37.59	12.49	-2322.55	2322.59
257253408.00	0.04	-37.59	37.59	2.78	-2322.87	2322.88
257253504.00	-0.01	-37.37	37.37	-1.07	-2309.27	2309.27
257253616.00	0.29	-37.60	37.60	21.34	-2323.37	2323.47
257253712.00	0.37	-37.66	37.67	27.33	-2327.30	2327.46
257253824.00	-0.13	-37.83	37.83	-9.58	-2337.22	2337.24
257253904.00	-0.03	-37.84	37.84	-2.46	-2338.17	2338.17
257254016.00	0.37	-37.65	37.65	27.47	-2326.46	2326.62
257254112.00	-0.01	-37.58	37.58	-0.45	-2321.78	2321.78
257254208.00	0.11	-37.73	37.73	8.47	-2331.60	2331.61
257254320.00	-0.01	-37.67	37.67	-0.40	-2327.91	2327.91
257254416.00	-0.04	-37.49	37.49	-2.76	-2316.42	2316.42
257254416.00	0.22	-37.70	37.70	16.30	-2329.24	2329.30
257254608.00	0.11	-37.41	37.41	7.78	-2311.31	2311.33
257254720.00	0.29	-37.32	37.32	21.73	-2305.89	2306.00
257254816.00	0.20	-37.56	37.56	14.83	-2320.88	2320.93
257254912.00	0.12	-37.43	37.43	8.86	-2312.68	2312.70
257255008.00	-0.00	-37.58	37.58	-0.11	-2322.18	2322.18
257255104.00	-0.08	-37.61	37.61	-5.83	-2324.01	2324.01
257255216.00	0.01	-37.66	37.66	1.05	-2326.96	2326.96
257255216.00	0.18	-37.48	37.48	13.58	-2316.11	2316.15
257255312.00	0.00	-37.40	37.40	0.28	-2311.01	2311.01
257255408.00	0.16	-37.28	37.28	11.58	-2303.81	2303.84
257255520.00	0.03	-37.80	37.80	2.38	-2335.94	2335.94
257255616.00	-0.13	-37.69	37.69	-9.40	-2328.75	2328.77
257255712.00	0.13	-37.50	37.50	9.80	-2317.15	2317.17
257255808.00	0.13	-37.51	37.51	9.34	-2317.61	2317.63
257255904.00	-0.12	-37.61	37.62	-8.83	-2324.23	2324.24
257256016.00	-0.18	-37.70	37.70	-13.28	-2329.71	2329.75
257256112.00	-0.07	-37.41	37.41	-5.47	-2311.32	2311.33
257256208.00	-0.07	-37.27	37.27	-5.12	-2303.06	2303.06
257256320.00	0.12	-37.26	37.26	8.67	-2302.05	2302.06
257256416.00	-0.34	-37.01	37.02	-25.31	-2287.06	2287.20
257256512.00	-0.26	-37.23	37.23	-19.49	-2300.32	2300.41
257256608.00	-0.29	-37.31	37.31	-21.52	-2305.48	2305.58
257256704.00	-0.10	-37.29	37.29	-7.34	-2304.37	2304.38
257256816.00	0.01	-37.61	37.61	1.10	-2324.10	2324.10
257256912.00	0.04	-37.22	37.22	3.26	-2299.79	2299.80
257257008.00	-0.19	-37.36	37.36	-13.75	-2308.26	2308.30
257257120.00	-0.20	-37.49	37.49	-15.02	-2316.52	2316.57
257257216.00	-0.01	-37.39	37.39	-1.09	-2310.44	2310.44
257257216.00	-0.04	-37.64	37.65	-2.67	-2326.08	2326.09
257257312.00	0.17	-37.88	37.88	12.28	-2340.80	2340.83
257257408.00	-0.04	-37.73	37.73	-2.78	-2331.27	2331.28
257257504.00	-0.36	-37.44	37.44	-26.84	-2313.11	2313.27
257257616.00	-0.27	-37.50	37.51	-20.07	-2317.40	2317.49
257257712.00	-0.28	-37.65	37.65	-20.94	-2326.13	2326.22
257257808.00	-0.01	-37.38	37.38	-0.88	-2309.58	2309.58
257257920.00	-0.01	-37.42	37.42	-0.83	-2311.92	2311.92
257258016.00	0.07	-37.24	37.24	5.36	-2301.33	2301.34
257258112.00	-0.09	-37.31	37.31	-6.61	-2305.64	2305.65
257258208.00	-0.17	-37.62	37.62	-12.42	-2324.33	2324.36
257258208.00	-0.38	-37.63	37.64	-28.33	-2325.47	2325.64
257258304.00	-0.39	-38.19	38.19	-28.56	-2359.49	2359.66
257258416.00	-0.15	-37.38	37.38	-11.08	-2309.58	2309.61
257258416.00	-0.10	-37.20	37.20	-7.62	-2298.29	2298.30
257258608.00	-0.08	-37.14	37.14	-6.28	-2295.09	2295.10
257258608.00	-0.10	-37.26	37.26	-7.70	-2302.46	2302.48
257258720.00	-0.14	-37.92	37.92	-10.12	-2342.94	2342.96
257258832.00	0.12	-37.28	37.28	9.01	-2303.71	2303.73
257258912.00	-0.11	-36.88	36.88	-8.24	-2278.51	2278.53
257259008.00	-0.21	-37.50	37.50	-15.79	-2317.33	2317.38
257259104.00	-0.26	-37.41	37.41	-19.09	-2311.63	2311.71
257259216.00	-0.03	-37.52	37.52	-2.54	-2318.11	2318.11
257259312.00	-0.00	-37.67	37.67	-0.33	-2327.55	2327.55
257259408.00	-0.09	-37.54	37.54	-6.44	-2319.44	2319.45
257259520.00	-0.14	-37.35	37.35	-10.14	-2307.95	2307.97
257259616.00	-0.03	-37.64	37.64	-2.55	-2325.99	2325.99
257259712.00	-0.12	-37.14	37.14	-8.91	-2295.06	2295.08
257259808.00	-0.05	-37.29	37.29	-3.45	-2304.11	2304.11
257259904.00	-0.08	-37.28	37.28	-6.15	-2303.69	2303.70
257260016.00	-0.27	-37.31	37.31	-19.66	-2305.13	2305.22
257260112.00	-0.19	-37.66	37.66	-14.19	-2326.73	2326.77
257260208.00	0.00	-37.31	37.31	0.14	-2305.66	2305.66
257260320.00	-0.01	-36.97	36.97	-0.59	-2284.18	2284.18
257260320.00	-0.15	-37.15	37.15	-10.92	-2295.52	2295.54
257260416.00	-0.03	-37.18	37.18	-2.56	-2297.27	2297.27
257260512.00	-0.02	-37.19	37.19	-1.37	-2298.27	2298.27
257260608.00	-0.24	-37.43	37.43	-17.73	-2312.77	2312.84
257260704.00	-0.23	-36.74	36.74	-17.40	-2269.93	2270.00
257260816.00	-0.07	-37.28	37.28	-5.46	-2303.75	2303.76
257260912.00	-0.50	-37.57	37.57	-36.79	-2321.24	2321.53
257261008.00	-0.18	-37.68	37.68	-13.44	-2328.22	2328.26
257261120.00	-0.01	-37.52	37.52	-0.88	-2318.30	2318.30
257261216.00	-0.05	-37.57	37.57	-3.64	-2321.28	2321.28
257261312.00	-0.28	-37.55	37.56	-20.51	-2320.52	2320.61
257261408.00	-0.20	-37.83	37.83	-14.55	-2337.68	2337.72
257261504.00	-0.25	-37.61	37.61	-18.60	-2323.74	2323.82
257261632.00	-0.24	-37.62	37.62	-17.67	-2324.59	2324.66
257261712.00	-0.15	-37.65	37.65	-10.86	-2326.17	2326.20
257261808.00	-0.34	-37.75	37.75	-24.85	-2332.59	2332.72
257261904.00	-0.25	-37.70	37.70	-18.24	-2329.64	2329.71
257262016.00	-0.05	-37.77	37.77	-3.40	-2333.73	2333.74
257262112.00	-0.12	-37.74	37.74	-9.06	-2331.72	2331.74
257262208.00	-0.24	-37.73	37.73	-17.78	-2331.50	2331.57
257262208.00	-0.46	-37.72	37.72	-34.26	-2330.43	2330.68
257262416.00	-0.26	-37.90	37.90	-19.25	-2341.59	2341.67
257262416.00	0.06	-37.76	37.76	4.50	-2333.26	2333.27
257262512.00	-0.52	-37.87	37.87	-38.58	-2340.04	2340.36
257262608.00	-0.06	-37.66	37.66	-4.38	-2327.04	2327.05
257262720.00	-0.12	-37.67	37.67	-8.68	-2327.73	2327.75
257262816.00	-0.16	-37.56	37.56	-11.84	-2320.53	2320.56
257262912.00	-0.21	-37.67	37.68	-15.85	-2327.93	2327.98
257262912.00	-0.26	-38.01	38.01	-19.31	-2348.59	2348.67
257263008.00	-0.20	-37.79	37.79	-14.88	-2335.14	2335.18
257263104.00	-0.40	-37.76	37.76	-29.65	-2332.88	2333.07
257263216.00	-0.29	-37.64	37.64	-21.58	-2325.56	2325.66
257263312.00	-0.16	-38.23	38.23	-11.54	-2362.30	2362.32
257263424.00	-0.52	-37.87	37.87	-38.38	-2339.78	2340.09
257263520.00	-0.15	-37.80	37.80	-11.16	-2335.89	2335.91
257263616.00	-0.16	-37.45	37.45	-11.65	-2314.29	2314.32
257263712.00	-0.21	-37.11	37.11	-15.32	-2292.78	2292.83
257263808.00	-0.10	-37.36	37.36	-7.58	-2308.35	2308.36
257263920.00	-0.08	-37.20	37.20	-6.13	-2298.53	2298.54
257263920.00	-0.14	-36.88	36.88	-10.03	-2278.61	2278.63
257264016.00	-0.24	-36.54	36.54	-17.88	-2257.76	2257.83
257264016.00	-0.16	-36.93	36.93	-11.51	-2281.64	2281.67
257264112.00	-0.32	-37.00	37.00	-23.71	-2285.93	2286.05
257264208.00	-0.24	-36.56	36.56	-17.57	-2258.78	2258.85
257264208.00	-0.11	-36.55	36.55	-7.90	-2258.41	2258.42
257264304.00	-0.41	-37.08	37.09	-30.43	-2291.39	2291.59
257264416.00	-0.13	-36.65	36.65	-9.91	-2264.54	2264.56
257264512.00	-0.08	-36.77	36.77	-6.01	-2272.22	2272.23
257264608.00	-0.35	-36.75	36.76	-25.59	-2271.00	2271.15
257264608.00	-0.45	-36.76	36.76	-33.24	-2271.27	2271.51
257264720.00	-0.37	-36.74	36.74	-27.10	-2270.26	2270.42
257264816.00	-0.29	-37.09	37.10	-21.55	-2292.08	2292.18
257264912.00	-0.24	-37.22	37.22	-17.77	-2299.72	2299.79
257265008.00	0.02	-37.43	37.43	1.42	-2312.67	2312.67
257265216.00	-0.34	-37.06	37.06	-24.94	-2289.76	2289.89
257265216.00	-0.10	-37.63	37.63	-7.71	-2325.09	2325.10
257265312.00	-0.13	-37.16	37.16	-9.78	-2295.89	2295.91
257265408.00	-0.15	-36.97	36.97	-11.44	-2284.17	2284.20
257265504.00	0.17	-36.77	36.77	12.37	-2271.71	2271.75
257265616.00	-0.40	-37.05	37.05	-29.39	-2289.12	2289.30
257265712.00	-0.38	-37.01	37.01	-27.90	-2287.00	2287.17
257265808.00	-0.30	-37.52	37.52	-22.09	-2318.10	2318.21
257265904.00	-0.22	-37.57	37.57	-16.34	-2321.51	2321.57
257266016.00	-0.24	-37.70	37.70	-17.80	-2329.61	2329.68
257266112.00	-0.29	-37.55	37.55	-21.34	-2320.12	2320.21
257266208.00	-0.24	-37.98	37.98	-18.11	-2347.01	2347.08
257266304.00	-0.43	-37.49	37.49	-32.16	-2316.49	2316.71
257266416.00	-0.32	-37.64	37.64	-23.87	-2325.58	2325.70
257266512.00	-0.42	-37.49	37.49	-31.39	-2316.39	2316.60
257266608.00	-0.42	-37.60	37.60	-31.34	-2323.31	2323.53
257266608.00	-0.38	-37.81	37.81	-27.95	-2336.31	2336.48
257266720.00	-0.24	-37.72	37.72	-17.60	-2330.72	2330.78
257266816.00	-0.31	-37.71	37.71	-22.64	-2330.28	2330.39
257266912.00	-0.49	-37.66	37.67	-36.22	-2327.22	2327.50
257267008.00	-0.47	-37.82	37.82	-34.82	-2336.63	2336.89
257267104.00	-0.36	-37.82	37.82	-26.98	-2336.84	2336.99
257267216.00	-0.43	-37.85	37.86	-31.95	-2338.98	2339.19
257267312.00	-0.19	-37.86	37.86	-13.73	-2339.63	2339.67
257267408.00	-0.10	-37.58	37.58	-7.05	-2322.00	2322.01
257267504.00	-0.45	-37.63	37.64	-33.08	-2325.37	2325.61
257267616.00	-0.34	-37.74	37.74	-25.43	-2331.85	2331.99
257267712.00	-0.41	-37.68	37.68	-30.08	-2328.08	2328.27
257267808.00	-0.11	-37.68	37.68	-7.84	-2328.53	2328.54
257267808.00	-0.22	-37.43	37.43	-16.25	-2312.73	2312.79
257267920.00	-0.44	-37.66	37.66	-32.61	-2326.98	2327.21
257268016.00	-0.33	-37.65	37.65	-24.69	-2326.54	2326.67
257268112.00	-0.28	-37.81	37.81	-20.49	-2336.01	2336.10
257268208.00	-0.41	-37.87	37.87	-30.54	-2339.85	2340.05
257268320.00	-0.35	-37.24	37.24	-25.83	-2300.78	2300.93
257268416.00	-0.21	-37.67	37.67	-15.46	-2327.44	2327.50
257268512.00	-0.24	-37.76	37.76	-17.98	-2333.26	2333.33
257268608.00	-0.33	-37.86	37.87	-24.68	-2339.65	2339.78
257268704.00	-0.29	-37.51	37.51	-21.57	-2317.73	2317.83
257268816.00	-0.28	-37.67	37.67	-20.75	-2327.67	2327.77
257268816.00	-0.21	-37.67	37.67	-15.33	-2327.62	2327.68
257268912.00	-0.53	-37.89	37.89	-39.42	-2341.24	2341.58
257269024.00	-0.44	-37.70	37.70	-32.66	-2329.59	2329.82
257269104.00	-0.36	-37.61	37.61	-26.51	-2323.96	2324.11
257269216.00	-0.19	-37.47	37.47	-14.06	-2315.27	2315.32
257269312.00	-0.28	-38.00	38.00	-21.04	-2348.25	2348.35
257269408.00	-0.35	-37.56	37.56	-25.89	-2320.74	2320.89
257269520.00	-0.26	-37.79	37.79	-19.17	-2334.83	2334.91
257269616.00	-0.31	-38.17	38.17	-22.61	-2358.54	2358.65
257269616.00	-0.11	-37.59	37.59	-8.00	-2322.50	2322.51
257269728.00	-0.35	-37.92	37.92	-25.77	-2343.15	2343.29
257269808.00	-0.37	-37.57	37.57	-27.67	-2321.64	2321.80
257269920.00	-0.42	-37.81	37.82	-31.33	-2336.59	2336.80
257269920.00	-0.09	-37.96	37.96	-6.99	-2345.56	2345.57
257270032.00	-0.37	-37.90	37.90	-27.57	-2341.65	2341.81
257270112.00	-0.28	-37.77	37.77	-20.54	-2333.82	2333.91
257270208.00	-0.22	-37.85	37.85	-16.45	-2338.99	2339.05
257270304.00	-0.01	-37.52	37.52	-0.76	-2318.37	2318.37
257270416.00	-0.27	-37.82	37.82	-19.71	-2336.61	2336.69
257270512.00	-0.32	-37.93	37.93	-23.69	-2343.69	2343.81
257270608.00	-0.26	-37.81	37.81	-19.57	-2336.10	2336.18
257270608.00	-0.19	-37.28	37.28	-14.10	-2303.36	2303.40
257270704.00	-0.30	-37.51	37.51	-21.98	-2317.45	2317.55
257270816.00	-0.19	-37.28	37.28	-14.31	-2303.59	2303.64
257271008.00	-0.29	-38.00	38.00	-21.18	-2347.91	2348.01
257271104.00	-0.44	-37.76	37.77	-32.43	-2333.49	2333.72
257271216.00	-0.46	-37.77	37.77	-34.08	-2333.76	2334.01
257271312.00	-0.44	-37.27	37.27	-32.63	-2302.66	2302.89
257271408.00	-0.45	-37.47	37.47	-33.41	-2315.25	2315.49
257271408.00	-0.42	-37.88	37.88	-31.38	-2340.47	2340.69
257271520.00	0.14	-37.72	37.72	10.41	-2330.59	2330.61
257271616.00	-0.44	-37.87	37.87	-32.29	-2340.06	2340.28
257271712.00	-0.34	-37.96	37.96	-25.50	-2345.66	2345.80
257271808.00	-0.19	-37.55	37.55	-14.38	-2320.27	2320.32
257271904.00	-0.25	-37.58	37.58	-18.35	-2321.96	2322.03
257272016.00	-0.31	-37.89	37.89	-23.29	-2341.08	2341.20
257272112.00	-0.10	-37.79	37.79	-7.71	-2335.21	2335.22
257272224.00	-0.54	-37.89	37.90	-39.88	-2341.31	2341.64
257272304.00	-0.18	-38.06	38.06	-13.57	-2351.90	2351.94
257272416.00	-0.70	-37.65	37.65	-51.50	-2326.15	2326.72
257272608.00	-0.38	-37.53	37.53	-28.12	-2319.11	2319.28
257272704.00	-0.30	-37.96	37.96	-22.44	-2345.74	2345.85
257272816.00	-0.43	-37.51	37.51	-32.02	-2317.80	2318.03
257272912.00	-0.43	-37.68	37.68	-31.80	-2328.20	2328.41
257273008.00	-0.52	-37.81	37.81	-38.19	-2336.22	2336.53
257273120.00	-0.48	-37.76	37.76	-35.69	-2333.10	2333.37
257273216.00	-0.32	-37.74	37.74	-23.36	-2332.15	2332.27
257273312.00	-0.43	-37.63	37.63	-31.76	-2325.12	2325.34
257273408.00	-0.42	-37.97	37.97	-31.28	-2345.94	2346.15
257273520.00	-0.36	-37.84	37.84	-26.97	-2338.17	2338.33
257273616.00	-0.51	-37.83	37.84	-37.49	-2337.70	2338.00
257273712.00	-0.38	-37.58	37.58	-28.36	-2322.20	2322.37
257273808.00	-0.51	-37.99	37.99	-37.87	-2347.32	2347.62
257273920.00	-0.25	-37.59	37.59	-18.19	-2322.50	2322.57
257274016.00	-0.25	-37.77	37.77	-18.43	-2333.91	2333.99
257274112.00	-0.51	-37.71	37.71	-37.83	-2330.11	2330.42
257274208.00	-0.18	-37.67	37.67	-13.69	-2327.57	2327.61
257274304.00	-0.64	-37.67	37.68	-47.69	-2327.72	2328.21
257274416.00	-0.34	-37.80	37.80	-25.54	-2335.38	2335.52
257274512.00	-0.61	-37.83	37.84	-45.42	-2337.55	2337.99
257274608.00	-0.30	-37.48	37.48	-22.08	-2315.98	2316.09
257274704.00	-0.25	-37.25	37.25	-18.88	-2301.86	2301.94
257274816.00	-0.60	-37.53	37.53	-44.79	-2318.71	2319.14
257274912.00	-0.35	-37.78	37.78	-25.60	-2334.23	2334.37
257275024.00	-0.33	-37.68	37.68	-24.46	-2328.22	2328.35
257275104.00	-0.42	-37.92	37.92	-31.05	-2343.06	2343.26
257275216.00	-0.65	-37.59	37.60	-47.92	-2322.96	2323.46
257275216.00	-0.28	-37.90	37.90	-20.82	-2341.73	2341.82
257275312.00	-0.42	-37.93	37.93	-31.33	-2343.46	2343.67
257275408.00	-0.14	-38.05	38.05	-10.03	-2350.88	2350.91
257275520.00	-0.30	-37.75	37.75	-22.32	-2332.53	2332.64
257275616.00	-0.49	-37.61	37.62	-35.95	-2324.05	2324.33
257275712.00	-0.20	-37.87	37.87	-14.49	-2339.75	2339.79
257275824.00	-0.31	-37.73	37.73	-23.02	-2331.11	2331.22
257276016.00	-0.42	-37.99	37.99	-31.21	-2347.47	2347.67
257276112.00	-0.51	-37.54	37.54	-38.09	-2319.37	2319.68
257276208.00	-0.19	-38.09	38.09	-14.11	-2353.40	2353.44
257276320.00	-0.54	-37.60	37.60	-40.27	-2323.31	2323.66
257276416.00	-0.68	-38.02	38.03	-50.03	-2349.31	2349.85
257276528.00	-0.36	-38.33	38.33	-26.34	-2368.43	2368.58
257276608.00	-0.49	-38.18	38.19	-36.01	-2359.34	2359.62
257276704.00	-0.42	-37.79	37.80	-30.90	-2335.32	2335.53
257276816.00	-0.40	-37.66	37.67	-29.65	-2327.23	2327.42
257276912.00	-0.47	-38.20	38.21	-34.52	-2360.69	2360.94
257277008.00	-0.41	-38.10	38.10	-30.40	-2354.26	2354.46
257277120.00	-0.61	-37.81	37.81	-45.30	-2335.98	2336.41
257277216.00	-0.50	-38.24	38.24	-36.93	-2362.84	2363.13
257277312.00	-0.48	-38.37	38.38	-35.89	-2371.17	2371.45
257277312.00	-0.44	-38.50	38.51	-32.82	-2379.15	2379.38
257277408.00	-0.67	-37.60	37.60	-49.64	-2323.08	2323.61
257277504.00	-0.58	-38.01	38.02	-43.09	-2348.83	2349.23
257277616.00	-0.42	-37.80	37.80	-31.31	-2335.40	2335.61
257277712.00	-0.47	-37.86	37.87	-34.75	-2339.54	2339.80
257277808.00	-0.85	-37.92	37.93	-62.97	-2342.85	2343.70
257277920.00	-0.43	-38.29	38.30	-32.15	-2366.22	2366.43
257278016.00	-0.58	-37.73	37.74	-43.17	-2331.42	2331.82
257278112.00	-0.39	-38.00	38.01	-28.75	-2348.21	2348.39
257278208.00	-0.28	-38.20	38.20	-20.78	-2360.32	2360.41
257278304.00	-0.55	-37.64	37.65	-40.61	-2326.00	2326.36
257278416.00	-0.44	-38.33	38.33	-32.54	-2368.55	2368.77
257278416.00	-0.19	-38.03	38.03	-14.33	-2349.81	2349.86
257278512.00	-0.75	-37.80	37.81	-55.35	-2335.73	2336.38
257278608.00	-0.47	-37.74	37.74	-34.64	-2331.93	2332.19
257278720.00	-0.39	-37.77	37.78	-28.91	-2334.12	2334.30
257278912.00	-0.58	-37.94	37.95	-43.15	-2344.48	2344.87
257279008.00	-0.62	-37.56	37.57	-45.79	-2320.96	2321.42
257279008.00	-0.33	-38.09	38.09	-24.43	-2353.64	2353.76
257279120.00	-0.62	-38.13	38.13	-45.74	-2355.85	2356.29
257279216.00	-0.61	-37.92	37.92	-44.91	-2342.82	2343.25
257279312.00	-0.65	-38.11	38.12	-48.34	-2354.82	2355.31
257279408.00	-0.54	-37.63	37.64	-39.71	-2325.28	2325.62
257279504.00	-0.32	-38.00	38.00	-23.37	-2347.85	2347.97
257279616.00	-0.15	-37.84	37.84	-11.38	-2338.01	2338.03
257279712.00	-0.34	-37.79	37.80	-25.40	-2335.31	2335.45
257279808.00	-0.77	-37.81	37.82	-57.08	-2336.56	2337.26
257279904.00	-0.76	-38.03	38.03	-55.94	-2349.62	2350.28
257280016.00	-0.29	-38.03	38.03	-21.84	-2349.61	2349.71
257280112.00	-0.71	-37.94	37.95	-52.27	-2344.45	2345.04
257280208.00	-0.35	-38.02	38.02	-25.70	-2349.02	2349.16
257280320.00	-0.60	-38.09	38.09	-44.63	-2353.55	2353.97
257280416.00	-0.48	-37.61	37.61	-35.87	-2323.92	2324.20
257280512.00	-0.51	-37.93	37.93	-37.65	-2343.43	2343.73
257280608.00	-0.29	-37.86	37.86	-21.63	-2339.39	2339.49
257280704.00	-0.30	-37.97	37.98	-21.98	-2346.46	2346.56
257280816.00	-0.50	-37.90	37.90	-37.06	-2341.61	2341.91
257281008.00	-0.69	-38.16	38.17	-51.37	-2358.18	2358.74
257281120.00	-0.63	-38.12	38.12	-46.34	-2355.23	2355.69
257281216.00	-0.61	-38.05	38.05	-45.27	-2350.96	2351.39
257281312.00	-0.55	-38.17	38.17	-40.91	-2358.22	2358.57
257281408.00	-0.41	-38.09	38.09	-30.30	-2353.37	2353.57
257281504.00	-0.76	-37.81	37.81	-56.61	-2336.08	2336.77
257281616.00	-0.57	-37.96	37.96	-42.55	-2345.53	2345.91
257281712.00	-0.59	-37.42	37.43	-43.59	-2312.34	2312.75
257281824.00	-0.75	-37.97	37.97	-55.50	-2345.87	2346.53
257281920.00	-0.58	-38.08	38.09	-42.64	-2353.15	2353.54
257282016.00	-0.56	-37.81	37.81	-41.56	-2336.23	2336.60
257282112.00	-0.52	-38.06	38.06	-38.47	-2351.78	2352.09
257282208.00	-0.72	-37.81	37.81	-53.18	-2336.05	2336.65
257282320.00	-0.43	-37.94	37.94	-31.86	-2344.05	2344.26
257282416.00	-0.34	-37.76	37.76	-24.93	-2333.33	2333.46
257282512.00	-0.32	-38.09	38.10	-23.94	-2353.82	2353.94
257282608.00	-0.54	-37.97	37.98	-39.84	-2346.35	2346.69
257282720.00	-0.63	-37.97	37.98	-46.49	-2346.21	2346.68
257282816.00	-0.39	-37.97	37.98	-28.76	-2346.42	2346.60
257282912.00	-0.51	-38.06	38.07	-37.82	-2351.88	2352.19
257283008.00	-0.44	-37.87	37.87	-32.85	-2340.01	2340.24
257283008.00	-0.50	-37.66	37.67	-36.73	-2327.32	2327.61
257283104.00	-0.39	-38.26	38.26	-29.05	-2364.02	2364.20
257283216.00	-0.79	-37.71	37.71	-58.78	-2329.82	2330.56
257283312.00	-0.51	-38.04	38.04	-38.04	-2350.52	2350.83
257283408.00	-0.67	-37.96	37.97	-49.66	-2345.85	2346.38
257283520.00	-0.56	-38.24	38.24	-41.40	-2362.76	2363.12
257283616.00	-0.78	-37.87	37.88	-57.86	-2340.26	2340.98
257283712.00	-0.41	-37.72	37.72	-30.12	-2330.83	2331.02
257283808.00	-0.37	-37.74	37.74	-27.27	-2332.04	2332.20
257283920.00	-0.60	-37.80	37.81	-44.68	-2335.93	2336.36
257284016.00	-0.53	-38.15	38.15	-38.97	-2357.31	2357.63
257284112.00	-0.34	-37.83	37.83	-25.16	-2337.40	2337.53
257284208.00	-0.42	-38.04	38.04	-30.97	-2350.36	2350.57
257284304.00	-0.41	-38.19	38.20	-30.05	-2360.04	2360.23
257284304.00	-0.69	-37.99	38.00	-51.39	-2347.57	2348.13
257284416.00	-0.47	-38.19	38.20	-34.48	-2360.01	2360.26
257284416.00	-0.15	-37.92	37.92	-11.02	-2343.13	2343.15
257284608.00	-0.39	-37.98	37.98	-29.21	-2346.93	2347.11
257284704.00	-0.49	-37.93	37.94	-36.41	-2343.89	2344.17
257284816.00	-0.45	-38.13	38.13	-33.43	-2356.14	2356.38
257284912.00	-0.50	-37.73	37.73	-37.15	-2331.25	2331.55
257285008.00	-0.67	-38.15	38.16	-49.85	-2357.27	2357.79
257285120.00	-0.54	-38.07	38.07	-40.21	-2352.37	2352.72
257285216.00	-0.64	-37.72	37.72	-47.11	-2330.64	2331.12
257285216.00	-0.60	-37.86	37.86	-44.17	-2339.23	2339.65
257285408.00	-0.37	-38.06	38.06	-27.54	-2351.55	2351.71
257285504.00	-0.70	-37.89	37.89	-51.77	-2340.97	2341.54
257285616.00	-0.52	-37.84	37.85	-38.71	-2338.28	2338.60
257285712.00	-0.73	-37.99	38.00	-53.96	-2347.60	2348.22
257285808.00	-0.53	-37.86	37.87	-39.50	-2339.67	2340.00
257285920.00	-0.86	-38.11	38.12	-63.97	-2354.66	2355.53
257286112.00	-0.55	-38.10	38.10	-41.05	-2354.22	2354.58
257286208.00	-0.53	-38.29	38.29	-39.51	-2365.70	2366.03
257286304.00	-0.47	-37.72	37.73	-34.63	-2330.96	2331.22
257286416.00	-0.48	-38.08	38.09	-35.21	-2353.14	2353.40
257286512.00	-0.52	-37.91	37.91	-38.39	-2342.19	2342.51
257286608.00	-0.93	-38.20	38.21	-69.03	-2360.27	2361.28
257286704.00	-0.48	-37.94	37.94	-35.72	-2344.36	2344.64
257286816.00	-0.58	-38.35	38.36	-42.78	-2369.73	2370.12
257286912.00	-0.65	-37.76	37.76	-47.85	-2333.06	2333.55
257286912.00	-0.51	-38.00	38.00	-37.50	-2347.75	2348.05
257287008.00	-0.54	-38.26	38.27	-39.98	-2364.26	2364.60
257287104.00	-0.52	-38.23	38.23	-38.21	-2362.01	2362.32
257287216.00	-0.50	-38.53	38.53	-36.83	-2380.66	2380.95
257287312.00	-0.80	-37.82	37.83	-59.59	-2336.96	2337.72
257287408.00	-0.62	-37.77	37.78	-45.85	-2334.05	2334.50
257287504.00	-0.32	-37.92	37.92	-23.83	-2343.01	2343.13
257287616.00	-0.66	-37.96	37.97	-48.79	-2345.53	2346.04
257287616.00	-0.57	-37.98	37.98	-41.90	-2346.79	2347.16
257287712.00	-0.82	-38.04	38.05	-60.47	-2350.32	2351.10
257287808.00	-0.72	-37.85	37.86	-53.25	-2338.89	2339.50
257287920.00	-0.50	-37.93	37.93	-37.39	-2343.42	2343.72
257288016.00	-0.85	-38.15	38.16	-62.89	-2357.38	2358.22
257288112.00	-0.56	-38.34	38.34	-41.14	-2368.84	2369.20
257288224.00	-0.61	-38.15	38.16	-45.30	-2357.33	2357.77
257288320.00	-0.74	-37.93	37.94	-54.64	-2343.77	2344.41
257288816.00	-0.34	-38.07	38.07	-25.23	-2352.36	2352.50
257288816.00	-0.59	-37.92	37.92	-43.76	-2343.08	2343.49
257288912.00	-0.64	-38.32	38.32	-47.38	-2367.62	2368.09
257289008.00	-0.63	-37.90	37.91	-46.46	-2342.07	2342.53
257289120.00	-0.72	-38.01	38.02	-53.68	-2348.67	2349.29
257289216.00	-0.59	-37.88	37.88	-43.56	-2340.32	2340.73
257289312.00	-1.03	-38.25	38.27	-76.43	-2363.60	2364.84
257289408.00	-0.71	-38.02	38.03	-52.65	-2349.47	2350.06
257289504.00	-0.33	-38.34	38.34	-24.42	-2368.74	2368.86
257289616.00	-0.40	-38.07	38.07	-29.30	-2352.14	2352.32
257289616.00	-0.50	-37.98	37.98	-36.86	-2346.72	2347.01
257289808.00	-0.60	-37.90	37.90	-44.16	-2341.75	2342.17
257289808.00	-0.35	-38.16	38.16	-25.90	-2357.90	2358.04
257289920.00	-0.35	-38.13	38.13	-26.14	-2355.84	2355.98
257290032.00	-0.81	-38.31	38.32	-60.28	-2367.18	2367.95
257290112.00	-0.47	-37.99	37.99	-34.75	-2347.28	2347.54
257290208.00	-0.62	-37.86	37.87	-45.66	-2339.52	2339.97
257290304.00	-0.84	-37.84	37.85	-62.06	-2338.08	2338.91
257290416.00	-0.67	-37.92	37.93	-49.88	-2343.11	2343.64
257290512.00	-0.36	-38.32	38.32	-26.44	-2367.59	2367.74
257290608.00	-0.49	-38.31	38.32	-36.65	-2367.40	2367.68
257290704.00	-0.54	-38.32	38.33	-40.07	-2368.04	2368.38
257290816.00	-0.56	-38.11	38.11	-41.61	-2354.69	2355.06
257291008.00	-0.85	-37.75	37.76	-63.31	-2332.30	2333.16
257291104.00	-0.67	-38.08	38.08	-49.47	-2352.83	2353.35
257291216.00	-0.64	-38.18	38.19	-47.62	-2359.31	2359.79
257291216.00	-0.94	-38.46	38.47	-69.77	-2376.28	2377.31
257291312.00	-0.87	-38.10	38.11	-64.67	-2354.01	2354.90
257291408.00	-0.81	-38.13	38.14	-59.64	-2356.10	2356.86
257291520.00	-0.72	-37.94	37.95	-53.41	-2344.35	2344.96
257291616.00	-1.04	-37.97	37.99	-76.90	-2346.34	2347.60
257291712.00	-0.64	-38.22	38.22	-47.35	-2361.40	2361.88
257291808.00	-0.50	-37.94	37.94	-36.91	-2344.25	2344.54
257291920.00	-0.64	-38.36	38.37	-47.34	-2370.35	2370.82
257292016.00	-0.85	-37.84	37.85	-62.97	-2338.21	2339.06
257292112.00	-0.77	-37.97	37.98	-56.82	-2346.30	2346.99
257292208.00	-0.59	-38.32	38.33	-43.47	-2367.94	2368.34
257292336.00	-0.63	-38.45	38.46	-46.66	-2375.93	2376.39
257292416.00	-0.95	-37.75	37.76	-70.59	-2332.42	2333.49
257292512.00	-0.72	-38.15	38.16	-53.02	-2357.19	2357.79
257292608.00	-0.75	-38.03	38.03	-55.23	-2349.61	2350.26
257292704.00	-0.84	-37.91	37.92	-62.27	-2342.26	2343.09
257292816.00	-0.61	-38.19	38.20	-44.86	-2359.92	2360.35
257292912.00	-0.85	-38.18	38.19	-62.71	-2359.13	2359.96
257293008.00	-0.68	-38.07	38.08	-50.07	-2352.47	2353.01
257293120.00	-0.55	-38.17	38.18	-40.98	-2358.74	2359.10
257293216.00	-0.94	-37.99	38.00	-69.89	-2347.20	2348.24
257293216.00	-0.76	-37.91	37.92	-56.00	-2342.53	2343.20
257293312.00	-0.62	-37.95	37.95	-45.86	-2344.77	2345.22
257293408.00	-0.78	-38.37	38.37	-58.01	-2370.67	2371.38
257293504.00	-0.74	-38.12	38.13	-54.71	-2355.64	2356.27
257293616.00	-0.69	-37.98	37.99	-51.41	-2347.08	2347.64
257293712.00	-0.81	-37.83	37.83	-60.32	-2337.22	2337.99
257293808.00	-0.64	-38.13	38.14	-47.09	-2356.15	2356.62
257293920.00	-0.85	-37.89	37.90	-62.98	-2341.43	2342.28
257294016.00	-0.76	-38.32	38.33	-56.13	-2368.03	2368.69
257294112.00	-0.63	-37.94	37.95	-46.34	-2344.36	2344.82
257294208.00	-0.67	-38.11	38.11	-49.32	-2354.69	2355.20
257294304.00	-0.63	-38.03	38.03	-46.73	-2349.83	2350.29
257294416.00	-0.62	-38.16	38.16	-46.16	-2357.88	2358.33
257294416.00	-0.90	-37.87	37.88	-66.61	-2340.11	2341.05
257294608.00	-0.41	-38.08	38.08	-30.16	-2353.08	2353.27
257294608.00	-0.64	-38.06	38.06	-47.64	-2351.65	2352.14
257294720.00	-0.79	-37.70	37.70	-58.38	-2329.28	2330.01
257294816.00	-0.52	-37.85	37.85	-38.47	-2338.68	2338.99
257294912.00	-0.72	-38.17	38.18	-53.55	-2358.58	2359.19
257294912.00	-0.75	-38.17	38.18	-55.73	-2358.43	2359.09
257295008.00	-0.63	-38.32	38.32	-46.45	-2367.59	2368.04
257295104.00	-0.49	-37.98	37.99	-36.13	-2346.90	2347.18
257295216.00	-0.58	-38.14	38.15	-42.63	-2356.91	2357.30
257295312.00	-0.78	-37.84	37.85	-57.98	-2338.20	2338.92
257295408.00	-0.71	-38.08	38.09	-52.30	-2352.88	2353.46
257295520.00	-0.57	-38.07	38.08	-42.29	-2352.63	2353.01
257295616.00	-0.63	-38.15	38.15	-46.88	-2357.05	2357.51
257295712.00	-0.41	-37.80	37.80	-30.61	-2335.54	2335.74
257295808.00	-0.62	-38.22	38.23	-46.28	-2361.81	2362.26
257295920.00	-0.59	-38.31	38.31	-43.88	-2367.11	2367.52
257296112.00	-0.85	-38.24	38.25	-62.99	-2362.83	2363.67
257296208.00	-0.69	-38.04	38.04	-51.43	-2350.34	2350.90
257296336.00	-0.92	-38.21	38.22	-67.94	-2360.87	2361.84
257296416.00	-0.69	-38.09	38.09	-51.03	-2353.43	2353.98
257296512.00	-0.69	-38.35	38.35	-51.24	-2369.43	2369.98
257296608.00	-0.84	-37.80	37.81	-62.43	-2335.92	2336.75
257296704.00	-0.54	-38.02	38.02	-40.34	-2349.07	2349.42
257296816.00	-0.72	-37.93	37.93	-53.70	-2343.40	2344.02
257296912.00	-0.81	-37.92	37.93	-59.63	-2343.17	2343.93
257297008.00	-0.84	-38.21	38.22	-62.22	-2361.00	2361.82
257297120.00	-0.74	-38.05	38.05	-55.11	-2350.89	2351.53
257297216.00	-0.87	-38.08	38.09	-64.44	-2353.14	2354.02
257297312.00	-0.88	-38.13	38.14	-65.17	-2356.28	2357.19
257297408.00	-1.05	-38.20	38.22	-77.95	-2360.65	2361.94
257297504.00	-0.71	-38.28	38.28	-52.46	-2365.17	2365.75
257297616.00	-0.65	-38.15	38.15	-47.81	-2357.20	2357.68
257297616.00	-0.72	-38.35	38.35	-53.53	-2369.43	2370.03
257297712.00	-0.78	-38.81	38.82	-57.70	-2398.31	2399.00
257297808.00	-0.75	-38.94	38.95	-55.64	-2406.31	2406.96
257297920.00	-0.87	-38.62	38.63	-64.28	-2386.26	2387.13
257298032.00	-0.93	-38.34	38.35	-68.59	-2368.84	2369.83
257298112.00	-0.70	-38.72	38.73	-52.00	-2392.43	2393.00
257298208.00	-0.78	-38.38	38.38	-57.88	-2371.23	2371.94
257298304.00	-0.93	-38.49	38.50	-68.93	-2378.08	2379.08
257298416.00	-0.97	-38.11	38.12	-71.95	-2354.69	2355.78
257298512.00	-0.80	-38.16	38.17	-58.90	-2357.88	2358.61
257298608.00	-0.97	-38.11	38.12	-71.62	-2354.98	2356.07
257298720.00	-1.02	-38.11	38.13	-75.60	-2354.97	2356.19
257298816.00	-0.92	-38.13	38.14	-68.23	-2355.78	2356.77
257298912.00	-0.91	-38.33	38.34	-67.08	-2368.27	2369.22
257299024.00	-0.88	-38.33	38.34	-64.90	-2368.19	2369.08
257299120.00	-1.11	-38.51	38.53	-82.48	-2379.76	2381.19
257299216.00	-0.99	-38.14	38.15	-73.20	-2356.42	2357.55
257299312.00	-0.93	-38.08	38.09	-69.18	-2353.10	2354.12
257299520.00	-0.95	-37.71	37.72	-70.39	-2330.01	2331.07
257299616.00	-0.77	-37.82	37.83	-57.19	-2336.96	2337.66
257299616.00	-0.81	-38.31	38.32	-59.71	-2367.31	2368.06
257299712.00	-0.97	-38.24	38.26	-71.87	-2363.09	2364.18
257299808.00	-1.02	-37.95	37.97	-75.92	-2345.23	2346.46
257300016.00	-0.68	-37.73	37.74	-50.46	-2331.52	2332.06
257300112.00	-0.80	-37.85	37.86	-59.62	-2338.82	2339.58
257300208.00	-0.84	-37.80	37.81	-61.88	-2335.84	2336.66
257300320.00	-0.80	-37.85	37.86	-59.47	-2338.55	2339.30
257300416.00	-0.56	-37.42	37.43	-41.65	-2312.44	2312.81
257300608.00	-0.70	-37.52	37.53	-51.93	-2318.58	2319.16
257300608.00	-0.85	-36.89	36.90	-62.70	-2279.39	2280.25
257300704.00	-0.79	-37.64	37.65	-58.51	-2326.03	2326.77
257300816.00	-0.98	-37.57	37.58	-72.74	-2321.20	2322.34
257300912.00	-0.64	-37.58	37.58	-47.06	-2321.96	2322.44
257301024.00	-0.67	-37.49	37.50	-49.29	-2316.61	2317.13
257301120.00	-0.45	-37.29	37.29	-33.01	-2304.00	2304.24
257301216.00	-0.60	-37.45	37.46	-44.73	-2314.06	2314.50
257301312.00	-0.46	-37.52	37.52	-34.44	-2318.45	2318.70
257301408.00	-0.47	-36.82	36.83	-34.79	-2275.34	2275.61
257301504.00	-0.28	-36.40	36.40	-20.94	-2248.85	2248.95
257301616.00	-0.79	-36.57	36.58	-58.18	-2259.69	2260.44
257301616.00	-0.54	-37.07	37.07	-39.75	-2290.26	2290.60
257301712.00	-0.35	-36.62	36.62	-25.62	-2262.89	2263.04
257301824.00	0.27	-35.94	35.94	19.83	-2220.54	2220.63
257301920.00	0.00	0.00	0.00	0.00	0.00	0.00
257302016.00	0.00	0.00	0.00	0.00	0.00	0.00
257302112.00	0.00	0.00	0.00	0.00	0.00	0.00
257302208.00	-3.39	-2.92	4.47	-251.17	-180.20	309.13
257302304.00	0.00	0.00	0.00	0.00	0.00	0.00
257302416.00	0.00	0.00	0.00	0.00	0.00	0.00
257302512.00	-4.21	-4.62	6.25	-311.83	-285.22	422.60
257302608.00	0.00	0.00	0.00	0.00	0.00	0.00
257302704.00	-1.95	-1.46	2.44	-144.73	-89.96	170.41
257302816.00	-2.24	-1.47	2.68	-165.95	-91.12	189.32
257302816.00	0.00	0.00	0.00	0.00	0.00	0.00
257303008.00	0.00	0.00	0.00	0.00	0.00	0.00
257303120.00	0.00	0.00	0.00	0.00	0.00	0.00
257303216.00	-1.68	-1.09	2.00	-124.18	-67.17	141.18
257303216.00	0.00	0.00	0.00	0.00	0.00	0.00
257303408.00	0.00	0.00	0.00	0.00	0.00	0.00
257303408.00	0.00	0.00	0.00	0.00	0.00	0.00
257303616.00	0.00	0.00	0.00	0.00	0.00	0.00
257303712.00	0.00	0.00	0.00	0.00	0.00	0.00
257303808.00	0.00	0.00	0.00	0.00	0.00	0.00
257303920.00	-1.71	-0.56	1.80	-126.73	-34.32	131.30
257304016.00	0.00	0.00	0.00	0.00	0.00	0.00
257304112.00	0.00	0.00	0.00	0.00	0.00	0.00
257304208.00	0.00	0.00	0.00	0.00	0.00	0.00
257304320.00	0.00	0.00	0.00	0.00	0.00	0.00
257304320.00	0.00	0.00	0.00	0.00	0.00	0.00
257304416.00	0.00	0.00	0.00	0.00	0.00	0.00
257304512.00	0.00	0.00	0.00	0.00	0.00	0.00
257304608.00	0.00	0.00	0.00	0.00	0.00	0.00
257304704.00	0.00	0.00	0.00	0.00	0.00	0.00
257304816.00	0.00	0.00	0.00	0.00	0.00	0.00
257304912.00	0.00	0.00	0.00	0.00	0.00	0.00
257305008.00	0.00	0.00	0.00	0.00	0.00	0.00
257305120.00	0.00	0.00	0.00	0.00	0.00	0.00
257305216.00	0.00	0.00	0.00	0.00	0.00	0.00
257305216.00	0.00	0.00	0.00	0.00	0.00	0.00
257305312.00	0.00	0.00	0.00	0.00	0.00	0.00
257305408.00	0.00	0.00	0.00	0.00	0.00	0.00
